{
  "type": "FeatureCollection",
  "features": [
    {
      "type": "Feature",
      "geometry": {
        "type": "Point",
        "coordinates": [
          131.433319,
          34.018929
        ]
      },
      "properties": {
        "全国地方公共団体コード": 352039,
        "ID": "AD1304000001",
        "地方公共団体名": "山口県山口市",
        "name": "秋穂地域交流センター",
        "名称_カナ": null,
        "名称_英字": null,
        "名称_通称": null,
        "POIコード": 1307.0,
        "外部識別子": null,
        "外部識別子の値": null,
        "所在地_全国地方公共団体コード": 352039,
        "町字ID": 2000.0,
        "所在地_連結表記": "山口県山口市秋穂東6823ｰ1",
        "所在地_都道府県": "山口県",
        "所在地_市区町村": "山口市",
        "所在地_町字": "秋穂東",
        "所在地_ｰ以下": "6823ｰ1",
        "建物名等(方書)": null,
        "高度の種別": null,
        "高度の値": null,
        "電話番号": "(083)984-2132",
        "内線番号": null,
        "連絡先メールアドレス": null,
        "連絡先FormURL": null,
        "連絡先備考（その他、SNSなど）": null,
        "郵便番号": 7541101,
        "法人番号": null,
        "団体名": null,
        "利用可能曜日": "月火水木金土日",
        "開始時間": "8:30",
        "終了時間": "22:00",
        "利用可能時間特記事項": "年末年始(12月29日から1月3日)は休日",
        "説明": null,
        "車椅子可": null,
        "車椅子貸出": null,
        "ツエ貸出": null,
        "バリアフリートイレ": null,
        "スロープ、エレベータ、エスカレータ": null,
        "点字ブロック等の移動支援": null,
        "点字や読上による支援": null,
        "盲導犬・介助犬、聴導犬同伴": null,
        "字幕": null,
        "筆談対応": null,
        "優先駐車場": null,
        "オストメイト対応トイレ": null,
        "授乳室": null,
        "おむつ替えコーナー": null,
        "飲食可否": null,
        "ベビーカー貸出": null,
        "ベビーカー利用": null,
        "URL": "https://www.city.yamaguchi.lg.jp/map/7184.html",
        "画像": null,
        "画像_ライセンス": null,
        "備考": null
      }
    },
    {
      "type": "Feature",
      "geometry": {
        "type": "Point",
        "coordinates": [
          131.479772,
          34.183253
        ]
      },
      "properties": {
        "全国地方公共団体コード": 352039,
        "ID": "AD1304000002",
        "地方公共団体名": "山口県山口市",
        "name": "大殿地域交流センター",
        "名称_カナ": null,
        "名称_英字": null,
        "名称_通称": null,
        "POIコード": 1307.0,
        "外部識別子": null,
        "外部識別子の値": null,
        "所在地_全国地方公共団体コード": 352039,
        "町字ID": 39000.0,
        "所在地_連結表記": "山口県山口市大殿大路120ｰ4",
        "所在地_都道府県": "山口県",
        "所在地_市区町村": "山口市",
        "所在地_町字": "大殿大路",
        "所在地_ｰ以下": "120ｰ4",
        "建物名等(方書)": null,
        "高度の種別": null,
        "高度の値": null,
        "電話番号": "(083)924-5592",
        "内線番号": null,
        "連絡先メールアドレス": null,
        "連絡先FormURL": null,
        "連絡先備考（その他、SNSなど）": null,
        "郵便番号": 7530093,
        "法人番号": null,
        "団体名": null,
        "利用可能曜日": "月火水木金土日",
        "開始時間": "8:30",
        "終了時間": "22:00",
        "利用可能時間特記事項": "年末年始(12月29日から1月3日)は休日",
        "説明": null,
        "車椅子可": null,
        "車椅子貸出": null,
        "ツエ貸出": null,
        "バリアフリートイレ": null,
        "スロープ、エレベータ、エスカレータ": null,
        "点字ブロック等の移動支援": null,
        "点字や読上による支援": null,
        "盲導犬・介助犬、聴導犬同伴": null,
        "字幕": null,
        "筆談対応": null,
        "優先駐車場": null,
        "オストメイト対応トイレ": null,
        "授乳室": null,
        "おむつ替えコーナー": null,
        "飲食可否": null,
        "ベビーカー貸出": null,
        "ベビーカー利用": null,
        "URL": "https://www.city.yamaguchi.lg.jp/map/7167.html",
        "画像": null,
        "画像_ライセンス": null,
        "備考": null
      }
    },
    {
      "type": "Feature",
      "geometry": {
        "type": "Point",
        "coordinates": [
          131.660637,
          34.190584
        ]
      },
      "properties": {
        "全国地方公共団体コード": 352039,
        "ID": "AD1304000003",
        "地方公共団体名": "山口県山口市",
        "name": "徳地地域交流センター",
        "名称_カナ": null,
        "名称_英字": null,
        "名称_通称": null,
        "POIコード": 1307.0,
        "外部識別子": null,
        "外部識別子の値": null,
        "所在地_全国地方公共団体コード": 352039,
        "町字ID": 120000.0,
        "所在地_連結表記": "山口県山口市徳地堀1561ｰ1",
        "所在地_都道府県": "山口県",
        "所在地_市区町村": "山口市",
        "所在地_町字": "徳地堀",
        "所在地_ｰ以下": "1561ｰ1",
        "建物名等(方書)": null,
        "高度の種別": null,
        "高度の値": null,
        "電話番号": "(0835)52-0217",
        "内線番号": null,
        "連絡先メールアドレス": null,
        "連絡先FormURL": null,
        "連絡先備考（その他、SNSなど）": null,
        "郵便番号": 7470292,
        "法人番号": null,
        "団体名": null,
        "利用可能曜日": "月火水木金土日",
        "開始時間": "8:30",
        "終了時間": "22:00",
        "利用可能時間特記事項": "年末年始(12月29日から1月3日)は休日",
        "説明": null,
        "車椅子可": null,
        "車椅子貸出": null,
        "ツエ貸出": null,
        "バリアフリートイレ": null,
        "スロープ、エレベータ、エスカレータ": null,
        "点字ブロック等の移動支援": null,
        "点字や読上による支援": null,
        "盲導犬・介助犬、聴導犬同伴": null,
        "字幕": null,
        "筆談対応": null,
        "優先駐車場": null,
        "オストメイト対応トイレ": null,
        "授乳室": null,
        "おむつ替えコーナー": null,
        "飲食可否": null,
        "ベビーカー貸出": null,
        "ベビーカー利用": null,
        "URL": "https://www.city.yamaguchi.lg.jp/map/7157.html",
        "画像": null,
        "画像_ライセンス": null,
        "備考": null
      }
    },
    {
      "type": "Feature",
      "geometry": {
        "type": "Point",
        "coordinates": [
          131.577073,
          34.304355
        ]
      },
      "properties": {
        "全国地方公共団体コード": 352039,
        "ID": "AD1304000004",
        "地方公共団体名": "山口県山口市",
        "name": "阿東地域交流センター篠生分館",
        "名称_カナ": null,
        "名称_英字": null,
        "名称_通称": null,
        "POIコード": 1307.0,
        "外部識別子": null,
        "外部識別子の値": null,
        "所在地_全国地方公共団体コード": 352039,
        "町字ID": 13000.0,
        "所在地_連結表記": "山口県山口市阿東生雲東分74ｰ6",
        "所在地_都道府県": "山口県",
        "所在地_市区町村": "山口市",
        "所在地_町字": "阿東生雲東分",
        "所在地_ｰ以下": "74ｰ6",
        "建物名等(方書)": null,
        "高度の種別": null,
        "高度の値": null,
        "電話番号": "(083)955-0111",
        "内線番号": null,
        "連絡先メールアドレス": null,
        "連絡先FormURL": null,
        "連絡先備考（その他、SNSなど）": null,
        "郵便番号": 7591231,
        "法人番号": null,
        "団体名": null,
        "利用可能曜日": "月火水木金土日",
        "開始時間": "8:30",
        "終了時間": "22:00",
        "利用可能時間特記事項": "行政窓口は17:15まで。年末年始(12月29日から1月3日)は休日",
        "説明": null,
        "車椅子可": null,
        "車椅子貸出": null,
        "ツエ貸出": null,
        "バリアフリートイレ": null,
        "スロープ、エレベータ、エスカレータ": null,
        "点字ブロック等の移動支援": null,
        "点字や読上による支援": null,
        "盲導犬・介助犬、聴導犬同伴": null,
        "字幕": null,
        "筆談対応": null,
        "優先駐車場": null,
        "オストメイト対応トイレ": null,
        "授乳室": null,
        "おむつ替えコーナー": null,
        "飲食可否": null,
        "ベビーカー貸出": null,
        "ベビーカー利用": null,
        "URL": "https://www.city.yamaguchi.lg.jp/map/7163.html",
        "画像": null,
        "画像_ライセンス": null,
        "備考": null
      }
    },
    {
      "type": "Feature",
      "geometry": {
        "type": "Point",
        "coordinates": [
          131.577386,
          34.464456
        ]
      },
      "properties": {
        "全国地方公共団体コード": 352039,
        "ID": "AD1304000005",
        "地方公共団体名": "山口県山口市",
        "name": "阿東地域交流センター嘉年分館",
        "名称_カナ": null,
        "名称_英字": null,
        "名称_通称": null,
        "POIコード": 1307.0,
        "外部識別子": null,
        "外部識別子の値": null,
        "所在地_全国地方公共団体コード": 352039,
        "町字ID": 15000.0,
        "所在地_連結表記": "山口県山口市阿東嘉年下28ｰ1",
        "所在地_都道府県": "山口県",
        "所在地_市区町村": "山口市",
        "所在地_町字": "阿東嘉年下",
        "所在地_ｰ以下": "28ｰ1",
        "建物名等(方書)": null,
        "高度の種別": null,
        "高度の値": null,
        "電話番号": "(083)958-0111",
        "内線番号": null,
        "連絡先メールアドレス": null,
        "連絡先FormURL": null,
        "連絡先備考（その他、SNSなど）": null,
        "郵便番号": 7591602,
        "法人番号": null,
        "団体名": null,
        "利用可能曜日": "月火水木金土日",
        "開始時間": "8:30",
        "終了時間": "22:00",
        "利用可能時間特記事項": "行政窓口は17:15まで。年末年始(12月29日から1月3日)は休日",
        "説明": null,
        "車椅子可": null,
        "車椅子貸出": null,
        "ツエ貸出": null,
        "バリアフリートイレ": null,
        "スロープ、エレベータ、エスカレータ": null,
        "点字ブロック等の移動支援": null,
        "点字や読上による支援": null,
        "盲導犬・介助犬、聴導犬同伴": null,
        "字幕": null,
        "筆談対応": null,
        "優先駐車場": null,
        "オストメイト対応トイレ": null,
        "授乳室": null,
        "おむつ替えコーナー": null,
        "飲食可否": null,
        "ベビーカー貸出": null,
        "ベビーカー利用": null,
        "URL": "https://www.city.yamaguchi.lg.jp/map/7166.html",
        "画像": null,
        "画像_ライセンス": null,
        "備考": null
      }
    },
    {
      "type": "Feature",
      "geometry": {
        "type": "Point",
        "coordinates": [
          131.392168,
          34.103027
        ]
      },
      "properties": {
        "全国地方公共団体コード": 352039,
        "ID": "AD1304000006",
        "地方公共団体名": "山口県山口市",
        "name": "小郡地域交流センター",
        "名称_カナ": null,
        "名称_英字": null,
        "名称_通称": null,
        "POIコード": 1307.0,
        "外部識別子": null,
        "外部識別子の値": null,
        "所在地_全国地方公共団体コード": 352039,
        "町字ID": 51000.0,
        "所在地_連結表記": "山口県山口市小郡下郷609ｰ1",
        "所在地_都道府県": "山口県",
        "所在地_市区町村": "山口市",
        "所在地_町字": "小郡下郷",
        "所在地_ｰ以下": "609ｰ1",
        "建物名等(方書)": null,
        "高度の種別": null,
        "高度の値": null,
        "電話番号": "(083)973-0638",
        "内線番号": null,
        "連絡先メールアドレス": null,
        "連絡先FormURL": null,
        "連絡先備考（その他、SNSなど）": null,
        "郵便番号": 7540002,
        "法人番号": null,
        "団体名": null,
        "利用可能曜日": "月火水木金土日",
        "開始時間": "8:30",
        "終了時間": "22:00",
        "利用可能時間特記事項": "年末年始(12月29日から1月3日)は休日",
        "説明": null,
        "車椅子可": null,
        "車椅子貸出": null,
        "ツエ貸出": null,
        "バリアフリートイレ": null,
        "スロープ、エレベータ、エスカレータ": null,
        "点字ブロック等の移動支援": null,
        "点字や読上による支援": null,
        "盲導犬・介助犬、聴導犬同伴": null,
        "字幕": null,
        "筆談対応": null,
        "優先駐車場": null,
        "オストメイト対応トイレ": null,
        "授乳室": null,
        "おむつ替えコーナー": null,
        "飲食可否": null,
        "ベビーカー貸出": null,
        "ベビーカー利用": null,
        "URL": "https://www.city.yamaguchi.lg.jp/map/7183.html",
        "画像": null,
        "画像_ライセンス": null,
        "備考": null
      }
    },
    {
      "type": "Feature",
      "geometry": {
        "type": "Point",
        "coordinates": [
          131.669059,
          34.361792
        ]
      },
      "properties": {
        "全国地方公共団体コード": 352039,
        "ID": "AD1304000007",
        "地方公共団体名": "山口県山口市",
        "name": "阿東地域交流センター地福分館",
        "名称_カナ": null,
        "名称_英字": null,
        "名称_通称": null,
        "POIコード": 1307.0,
        "外部識別子": null,
        "外部識別子の値": null,
        "所在地_全国地方公共団体コード": 352039,
        "町字ID": 17000.0,
        "所在地_連結表記": "山口県山口市阿東地福上1697",
        "所在地_都道府県": "山口県",
        "所在地_市区町村": "山口市",
        "所在地_町字": "阿東地福上",
        "所在地_ｰ以下": "1697",
        "建物名等(方書)": null,
        "高度の種別": null,
        "高度の値": null,
        "電話番号": "(083)952-0301",
        "内線番号": null,
        "連絡先メールアドレス": null,
        "連絡先FormURL": null,
        "連絡先備考（その他、SNSなど）": null,
        "郵便番号": 7591421,
        "法人番号": null,
        "団体名": null,
        "利用可能曜日": "月火水木金土日",
        "開始時間": "8:30",
        "終了時間": "22:00",
        "利用可能時間特記事項": "行政窓口は17:15まで。年末年始(12月29日から1月3日)は休日",
        "説明": null,
        "車椅子可": null,
        "車椅子貸出": null,
        "ツエ貸出": null,
        "バリアフリートイレ": null,
        "スロープ、エレベータ、エスカレータ": null,
        "点字ブロック等の移動支援": null,
        "点字や読上による支援": null,
        "盲導犬・介助犬、聴導犬同伴": null,
        "字幕": null,
        "筆談対応": null,
        "優先駐車場": null,
        "オストメイト対応トイレ": null,
        "授乳室": null,
        "おむつ替えコーナー": null,
        "飲食可否": null,
        "ベビーカー貸出": null,
        "ベビーカー利用": null,
        "URL": "https://www.city.yamaguchi.lg.jp/map/7165.html",
        "画像": null,
        "画像_ライセンス": null,
        "備考": null
      }
    },
    {
      "type": "Feature",
      "geometry": {
        "type": "Point",
        "coordinates": [
          131.721153,
          34.398674
        ]
      },
      "properties": {
        "全国地方公共団体コード": 352039,
        "ID": "AD1304000008",
        "地方公共団体名": "山口県山口市",
        "name": "阿東地域交流センター",
        "名称_カナ": null,
        "名称_英字": null,
        "名称_通称": null,
        "POIコード": 1307.0,
        "外部識別子": null,
        "外部識別子の値": null,
        "所在地_全国地方公共団体コード": 352039,
        "町字ID": 22000.0,
        "所在地_連結表記": "山口県山口市阿東徳佐中3425ｰ1",
        "所在地_都道府県": "山口県",
        "所在地_市区町村": "山口市",
        "所在地_町字": "阿東徳佐中",
        "所在地_ｰ以下": "3425ｰ1",
        "建物名等(方書)": null,
        "高度の種別": null,
        "高度の値": null,
        "電話番号": "(083)956-0116",
        "内線番号": null,
        "連絡先メールアドレス": null,
        "連絡先FormURL": null,
        "連絡先備考（その他、SNSなど）": null,
        "郵便番号": 7591512,
        "法人番号": null,
        "団体名": null,
        "利用可能曜日": "月火水木金土日",
        "開始時間": "8:30",
        "終了時間": "22:00",
        "利用可能時間特記事項": "年末年始(12月29日から1月3日)は休日",
        "説明": null,
        "車椅子可": null,
        "車椅子貸出": null,
        "ツエ貸出": null,
        "バリアフリートイレ": null,
        "スロープ、エレベータ、エスカレータ": null,
        "点字ブロック等の移動支援": null,
        "点字や読上による支援": null,
        "盲導犬・介助犬、聴導犬同伴": null,
        "字幕": null,
        "筆談対応": null,
        "優先駐車場": null,
        "オストメイト対応トイレ": null,
        "授乳室": null,
        "おむつ替えコーナー": null,
        "飲食可否": null,
        "ベビーカー貸出": null,
        "ベビーカー利用": null,
        "URL": "https://www.city.yamaguchi.lg.jp/map/7162.html",
        "画像": null,
        "画像_ライセンス": null,
        "備考": null
      }
    },
    {
      "type": "Feature",
      "geometry": {
        "type": "Point",
        "coordinates": [
          131.473509,
          34.174037
        ]
      },
      "properties": {
        "全国地方公共団体コード": 352039,
        "ID": "AD1304000009",
        "地方公共団体名": "山口県山口市",
        "name": "白石地域交流センター",
        "名称_カナ": null,
        "名称_英字": null,
        "名称_通称": null,
        "POIコード": 1307.0,
        "外部識別子": null,
        "外部識別子の値": null,
        "所在地_全国地方公共団体コード": 352039,
        "町字ID": 143001.0,
        "所在地_連結表記": "山口県山口市本町一丁目1ｰ25",
        "所在地_都道府県": "山口県",
        "所在地_市区町村": "山口市",
        "所在地_町字": "本町一丁目",
        "所在地_ｰ以下": "1ｰ25",
        "建物名等(方書)": null,
        "高度の種別": null,
        "高度の値": null,
        "電話番号": "(083)922-0381",
        "内線番号": null,
        "連絡先メールアドレス": null,
        "連絡先FormURL": null,
        "連絡先備考（その他、SNSなど）": null,
        "郵便番号": 7530046,
        "法人番号": null,
        "団体名": null,
        "利用可能曜日": "月火水木金土日",
        "開始時間": "8:30",
        "終了時間": "22:00",
        "利用可能時間特記事項": "年末年始(12月29日から1月3日)は休日",
        "説明": null,
        "車椅子可": null,
        "車椅子貸出": null,
        "ツエ貸出": null,
        "バリアフリートイレ": null,
        "スロープ、エレベータ、エスカレータ": null,
        "点字ブロック等の移動支援": null,
        "点字や読上による支援": null,
        "盲導犬・介助犬、聴導犬同伴": null,
        "字幕": null,
        "筆談対応": null,
        "優先駐車場": null,
        "オストメイト対応トイレ": null,
        "授乳室": null,
        "おむつ替えコーナー": null,
        "飲食可否": null,
        "ベビーカー貸出": null,
        "ベビーカー利用": null,
        "URL": "https://www.city.yamaguchi.lg.jp/map/7168.html",
        "画像": null,
        "画像_ライセンス": null,
        "備考": null
      }
    },
    {
      "type": "Feature",
      "geometry": {
        "type": "Point",
        "coordinates": [
          131.369657,
          34.067774
        ]
      },
      "properties": {
        "全国地方公共団体コード": 352039,
        "ID": "AD1304000010",
        "地方公共団体名": "山口県山口市",
        "name": "嘉川地域交流センター",
        "名称_カナ": null,
        "名称_英字": null,
        "名称_通称": null,
        "POIコード": 1307.0,
        "外部識別子": null,
        "外部識別子の値": null,
        "所在地_全国地方公共団体コード": 352039,
        "町字ID": 67000.0,
        "所在地_連結表記": "山口県山口市嘉川4651ｰ1",
        "所在地_都道府県": "山口県",
        "所在地_市区町村": "山口市",
        "所在地_町字": "嘉川",
        "所在地_ｰ以下": "4651ｰ1",
        "建物名等(方書)": null,
        "高度の種別": null,
        "高度の値": null,
        "電話番号": "(083)989-2001",
        "内線番号": null,
        "連絡先メールアドレス": null,
        "連絡先FormURL": null,
        "連絡先備考（その他、SNSなど）": null,
        "郵便番号": 7540897,
        "法人番号": null,
        "団体名": null,
        "利用可能曜日": "月火水木金土日",
        "開始時間": "8:30",
        "終了時間": "22:00",
        "利用可能時間特記事項": "行政窓口は17:15まで。年末年始(12月29日から1月3日)は休日",
        "説明": null,
        "車椅子可": null,
        "車椅子貸出": null,
        "ツエ貸出": null,
        "バリアフリートイレ": null,
        "スロープ、エレベータ、エスカレータ": null,
        "点字ブロック等の移動支援": null,
        "点字や読上による支援": null,
        "盲導犬・介助犬、聴導犬同伴": null,
        "字幕": null,
        "筆談対応": null,
        "優先駐車場": null,
        "オストメイト対応トイレ": null,
        "授乳室": null,
        "おむつ替えコーナー": null,
        "飲食可否": null,
        "ベビーカー貸出": null,
        "ベビーカー利用": null,
        "URL": "https://www.city.yamaguchi.lg.jp/map/7181.html",
        "画像": null,
        "画像_ライセンス": null,
        "備考": null
      }
    },
    {
      "type": "Feature",
      "geometry": {
        "type": "Point",
        "coordinates": [
          131.4228435,
          34.03793269
        ]
      },
      "properties": {
        "全国地方公共団体コード": 352039,
        "ID": "AD1304000011",
        "地方公共団体名": "山口県山口市",
        "name": "二島地域交流センター",
        "名称_カナ": null,
        "名称_英字": null,
        "名称_通称": null,
        "POIコード": 1307.0,
        "外部識別子": null,
        "外部識別子の値": null,
        "所在地_全国地方公共団体コード": 352039,
        "町字ID": 3000.0,
        "所在地_連結表記": "山口県山口市秋穂二島5990",
        "所在地_都道府県": "山口県",
        "所在地_市区町村": "山口市",
        "所在地_町字": "秋穂二島",
        "所在地_ｰ以下": "5990",
        "建物名等(方書)": null,
        "高度の種別": null,
        "高度の値": null,
        "電話番号": "(083)987-2121",
        "内線番号": null,
        "連絡先メールアドレス": null,
        "連絡先FormURL": null,
        "連絡先備考（その他、SNSなど）": null,
        "郵便番号": 7540893,
        "法人番号": null,
        "団体名": null,
        "利用可能曜日": "月火水木金土日",
        "開始時間": "8:30",
        "終了時間": "22:00",
        "利用可能時間特記事項": "行政窓口は17:15まで。年末年始(12月29日から1月3日)は休日",
        "説明": null,
        "車椅子可": null,
        "車椅子貸出": null,
        "ツエ貸出": null,
        "バリアフリートイレ": null,
        "スロープ、エレベータ、エスカレータ": null,
        "点字ブロック等の移動支援": null,
        "点字や読上による支援": null,
        "盲導犬・介助犬、聴導犬同伴": null,
        "字幕": null,
        "筆談対応": null,
        "優先駐車場": null,
        "オストメイト対応トイレ": null,
        "授乳室": null,
        "おむつ替えコーナー": null,
        "飲食可否": null,
        "ベビーカー貸出": null,
        "ベビーカー利用": null,
        "URL": "https://www.city.yamaguchi.lg.jp/map/7180.html",
        "画像": null,
        "画像_ライセンス": null,
        "備考": null
      }
    },
    {
      "type": "Feature",
      "geometry": {
        "type": "Point",
        "coordinates": [
          131.456531,
          34.168044
        ]
      },
      "properties": {
        "全国地方公共団体コード": 352039,
        "ID": "AD1304000012",
        "地方公共団体名": "山口県山口市",
        "name": "湯田地域交流センター",
        "名称_カナ": null,
        "名称_英字": null,
        "名称_通称": null,
        "POIコード": 1307.0,
        "外部識別子": null,
        "外部識別子の値": null,
        "所在地_全国地方公共団体コード": 352039,
        "町字ID": 155005.0,
        "所在地_連結表記": "山口県山口市湯田温泉五丁目5ｰ50",
        "所在地_都道府県": "山口県",
        "所在地_市区町村": "山口市",
        "所在地_町字": "湯田温泉五丁目",
        "所在地_ｰ以下": "5ｰ50",
        "建物名等(方書)": null,
        "高度の種別": null,
        "高度の値": null,
        "電話番号": "(083)922-8218",
        "内線番号": null,
        "連絡先メールアドレス": null,
        "連絡先FormURL": null,
        "連絡先備考（その他、SNSなど）": null,
        "郵便番号": 7530056,
        "法人番号": null,
        "団体名": null,
        "利用可能曜日": "月火水木金土日",
        "開始時間": "8:30",
        "終了時間": "22:00",
        "利用可能時間特記事項": "年末年始(12月29日から1月3日)は休日",
        "説明": null,
        "車椅子可": null,
        "車椅子貸出": null,
        "ツエ貸出": null,
        "バリアフリートイレ": null,
        "スロープ、エレベータ、エスカレータ": null,
        "点字ブロック等の移動支援": null,
        "点字や読上による支援": null,
        "盲導犬・介助犬、聴導犬同伴": null,
        "字幕": null,
        "筆談対応": null,
        "優先駐車場": null,
        "オストメイト対応トイレ": null,
        "授乳室": null,
        "おむつ替えコーナー": null,
        "飲食可否": null,
        "ベビーカー貸出": null,
        "ベビーカー利用": null,
        "URL": "https://www.city.yamaguchi.lg.jp/map/7169.html",
        "画像": null,
        "画像_ライセンス": null,
        "備考": null
      }
    },
    {
      "type": "Feature",
      "geometry": {
        "type": "Point",
        "coordinates": [
          131.359165,
          34.012985
        ]
      },
      "properties": {
        "全国地方公共団体コード": 352039,
        "ID": "AD1304000013",
        "地方公共団体名": "山口県山口市",
        "name": "阿知須地域交流センター",
        "名称_カナ": null,
        "名称_英字": null,
        "名称_通称": null,
        "POIコード": 1307.0,
        "外部識別子": null,
        "外部識別子の値": null,
        "所在地_全国地方公共団体コード": 352039,
        "町字ID": 10000.0,
        "所在地_連結表記": "山口県山口市阿知須2743",
        "所在地_都道府県": "山口県",
        "所在地_市区町村": "山口市",
        "所在地_町字": "阿知須",
        "所在地_ｰ以下": "2743",
        "建物名等(方書)": null,
        "高度の種別": null,
        "高度の値": null,
        "電話番号": "(0836)65-2022",
        "内線番号": null,
        "連絡先メールアドレス": null,
        "連絡先FormURL": null,
        "連絡先備考（その他、SNSなど）": null,
        "郵便番号": 7541277,
        "法人番号": null,
        "団体名": null,
        "利用可能曜日": "月火水木金土日",
        "開始時間": "8:30",
        "終了時間": "22:00",
        "利用可能時間特記事項": "年末年始(12月29日から1月3日)は休日",
        "説明": null,
        "車椅子可": null,
        "車椅子貸出": null,
        "ツエ貸出": null,
        "バリアフリートイレ": null,
        "スロープ、エレベータ、エスカレータ": null,
        "点字ブロック等の移動支援": null,
        "点字や読上による支援": null,
        "盲導犬・介助犬、聴導犬同伴": null,
        "字幕": null,
        "筆談対応": null,
        "優先駐車場": null,
        "オストメイト対応トイレ": null,
        "授乳室": null,
        "おむつ替えコーナー": null,
        "飲食可否": null,
        "ベビーカー貸出": null,
        "ベビーカー利用": null,
        "URL": "https://www.city.yamaguchi.lg.jp/map/7185.html",
        "画像": null,
        "画像_ライセンス": null,
        "備考": null
      }
    },
    {
      "type": "Feature",
      "geometry": {
        "type": "Point",
        "coordinates": [
          131.502748,
          34.159751
        ]
      },
      "properties": {
        "全国地方公共団体コード": 352039,
        "ID": "AD1304000014",
        "地方公共団体名": "山口県山口市",
        "name": "大内地域交流センター",
        "名称_カナ": null,
        "名称_英字": null,
        "名称_通称": null,
        "POIコード": 1307.0,
        "外部識別子": null,
        "外部識別子の値": null,
        "所在地_全国地方公共団体コード": 352039,
        "町字ID": 36001.0,
        "所在地_連結表記": "山口県山口市大内矢田北一丁目10ｰ11",
        "所在地_都道府県": "山口県",
        "所在地_市区町村": "山口市",
        "所在地_町字": "大内矢田北一丁目",
        "所在地_ｰ以下": "10ｰ11",
        "建物名等(方書)": null,
        "高度の種別": null,
        "高度の値": null,
        "電話番号": "(083)927-0301",
        "内線番号": null,
        "連絡先メールアドレス": null,
        "連絡先FormURL": null,
        "連絡先備考（その他、SNSなど）": null,
        "郵便番号": 7530221,
        "法人番号": null,
        "団体名": null,
        "利用可能曜日": "月火水木金土日",
        "開始時間": "8:30",
        "終了時間": "22:00",
        "利用可能時間特記事項": "行政窓口は17:15まで。年末年始(12月29日から1月3日)は休日",
        "説明": null,
        "車椅子可": null,
        "車椅子貸出": null,
        "ツエ貸出": null,
        "バリアフリートイレ": null,
        "スロープ、エレベータ、エスカレータ": null,
        "点字ブロック等の移動支援": null,
        "点字や読上による支援": null,
        "盲導犬・介助犬、聴導犬同伴": null,
        "字幕": null,
        "筆談対応": null,
        "優先駐車場": null,
        "オストメイト対応トイレ": null,
        "授乳室": null,
        "おむつ替えコーナー": null,
        "飲食可否": null,
        "ベビーカー貸出": null,
        "ベビーカー利用": null,
        "URL": "https://www.city.yamaguchi.lg.jp/map/7172.html",
        "画像": null,
        "画像_ライセンス": null,
        "備考": null
      }
    },
    {
      "type": "Feature",
      "geometry": {
        "type": "Point",
        "coordinates": [
          131.524426,
          34.127235
        ]
      },
      "properties": {
        "全国地方公共団体コード": 352039,
        "ID": "AD1304000015",
        "地方公共団体名": "山口県山口市",
        "name": "小鯖地域交流センター",
        "名称_カナ": null,
        "名称_英字": null,
        "名称_通称": null,
        "POIコード": 1307.0,
        "外部識別子": null,
        "外部識別子の値": null,
        "所在地_全国地方公共団体コード": 352039,
        "町字ID": 90000.0,
        "所在地_連結表記": "山口県山口市下小鯖2519",
        "所在地_都道府県": "山口県",
        "所在地_市区町村": "山口市",
        "所在地_町字": "下小鯖",
        "所在地_ｰ以下": "2519",
        "建物名等(方書)": null,
        "高度の種別": null,
        "高度の値": null,
        "電話番号": "(083)927-0050",
        "内線番号": null,
        "連絡先メールアドレス": null,
        "連絡先FormURL": null,
        "連絡先備考（その他、SNSなど）": null,
        "郵便番号": 7530212,
        "法人番号": null,
        "団体名": null,
        "利用可能曜日": "月火水木金土日",
        "開始時間": "8:30",
        "終了時間": "22:00",
        "利用可能時間特記事項": "行政窓口は17:15まで。年末年始(12月29日から1月3日)は休日",
        "説明": null,
        "車椅子可": null,
        "車椅子貸出": null,
        "ツエ貸出": null,
        "バリアフリートイレ": null,
        "スロープ、エレベータ、エスカレータ": null,
        "点字ブロック等の移動支援": null,
        "点字や読上による支援": null,
        "盲導犬・介助犬、聴導犬同伴": null,
        "字幕": null,
        "筆談対応": null,
        "優先駐車場": null,
        "オストメイト対応トイレ": null,
        "授乳室": null,
        "おむつ替えコーナー": null,
        "飲食可否": null,
        "ベビーカー貸出": null,
        "ベビーカー利用": null,
        "URL": "https://www.city.yamaguchi.lg.jp/map/7171.html",
        "画像": null,
        "画像_ライセンス": null,
        "備考": null
      }
    },
    {
      "type": "Feature",
      "geometry": {
        "type": "Point",
        "coordinates": [
          131.41237,
          34.084188
        ]
      },
      "properties": {
        "全国地方公共団体コード": 352039,
        "ID": "AD1304000016",
        "地方公共団体名": "山口県山口市",
        "name": "名田島地域交流センター",
        "名称_カナ": null,
        "名称_英字": null,
        "名称_通称": null,
        "POIコード": 1307.0,
        "外部識別子": null,
        "外部識別子の値": null,
        "所在地_全国地方公共団体コード": 352039,
        "町字ID": 131000.0,
        "所在地_連結表記": "山口県山口市名田島1218ｰ1",
        "所在地_都道府県": "山口県",
        "所在地_市区町村": "山口市",
        "所在地_町字": "名田島",
        "所在地_ｰ以下": "1218ｰ1",
        "建物名等(方書)": null,
        "高度の種別": null,
        "高度の値": null,
        "電話番号": "(083)972-0710",
        "内線番号": null,
        "連絡先メールアドレス": null,
        "連絡先FormURL": null,
        "連絡先備考（その他、SNSなど）": null,
        "郵便番号": 7540892,
        "法人番号": null,
        "団体名": null,
        "利用可能曜日": "月火水木金土日",
        "開始時間": "8:30",
        "終了時間": "22:00",
        "利用可能時間特記事項": "行政窓口は17:15まで。年末年始(12月29日から1月3日)は休日",
        "説明": null,
        "車椅子可": null,
        "車椅子貸出": null,
        "ツエ貸出": null,
        "バリアフリートイレ": null,
        "スロープ、エレベータ、エスカレータ": null,
        "点字ブロック等の移動支援": null,
        "点字や読上による支援": null,
        "盲導犬・介助犬、聴導犬同伴": null,
        "字幕": null,
        "筆談対応": null,
        "優先駐車場": null,
        "オストメイト対応トイレ": null,
        "授乳室": null,
        "おむつ替えコーナー": null,
        "飲食可否": null,
        "ベビーカー貸出": null,
        "ベビーカー利用": null,
        "URL": "https://www.city.yamaguchi.lg.jp/map/7179.html",
        "画像": null,
        "画像_ライセンス": null,
        "備考": null
      }
    },
    {
      "type": "Feature",
      "geometry": {
        "type": "Point",
        "coordinates": [
          131.558816,
          34.211705
        ]
      },
      "properties": {
        "全国地方公共団体コード": 352039,
        "ID": "AD1304000017",
        "地方公共団体名": "山口県山口市",
        "name": "仁保地域交流センター",
        "名称_カナ": null,
        "名称_英字": null,
        "名称_通称": null,
        "POIコード": 1307.0,
        "外部識別子": null,
        "外部識別子の値": null,
        "所在地_全国地方公共団体コード": 352039,
        "町字ID": 136000.0,
        "所在地_連結表記": "山口県山口市仁保中郷1041",
        "所在地_都道府県": "山口県",
        "所在地_市区町村": "山口市",
        "所在地_町字": "仁保中郷",
        "所在地_ｰ以下": "1041",
        "建物名等(方書)": null,
        "高度の種別": null,
        "高度の値": null,
        "電話番号": "(083)929-0411",
        "内線番号": null,
        "連絡先メールアドレス": null,
        "連絡先FormURL": null,
        "連絡先備考（その他、SNSなど）": null,
        "郵便番号": 7530302,
        "法人番号": null,
        "団体名": null,
        "利用可能曜日": "月火水木金土日",
        "開始時間": "8:30",
        "終了時間": "22:00",
        "利用可能時間特記事項": "行政窓口は17:15まで。年末年始(12月29日から1月3日)は休日",
        "説明": null,
        "車椅子可": null,
        "車椅子貸出": null,
        "ツエ貸出": null,
        "バリアフリートイレ": null,
        "スロープ、エレベータ、エスカレータ": null,
        "点字ブロック等の移動支援": null,
        "点字や読上による支援": null,
        "盲導犬・介助犬、聴導犬同伴": null,
        "字幕": null,
        "筆談対応": null,
        "優先駐車場": null,
        "オストメイト対応トイレ": null,
        "授乳室": null,
        "おむつ替えコーナー": null,
        "飲食可否": null,
        "ベビーカー貸出": null,
        "ベビーカー利用": null,
        "URL": "https://www.city.yamaguchi.lg.jp/map/7170.html",
        "画像": null,
        "画像_ライセンス": null,
        "備考": null
      }
    },
    {
      "type": "Feature",
      "geometry": {
        "type": "Point",
        "coordinates": [
          131.507945,
          34.200087
        ]
      },
      "properties": {
        "全国地方公共団体コード": 352039,
        "ID": "AD1304000018",
        "地方公共団体名": "山口県山口市",
        "name": "宮野地域交流センター",
        "名称_カナ": null,
        "名称_英字": null,
        "名称_通称": null,
        "POIコード": 1307.0,
        "外部識別子": null,
        "外部識別子の値": null,
        "所在地_全国地方公共団体コード": 352039,
        "町字ID": 150000.0,
        "所在地_連結表記": "山口県山口市宮野下3054",
        "所在地_都道府県": "山口県",
        "所在地_市区町村": "山口市",
        "所在地_町字": "宮野下",
        "所在地_ｰ以下": "3054",
        "建物名等(方書)": null,
        "高度の種別": null,
        "高度の値": null,
        "電話番号": "(083)928-0234",
        "内線番号": null,
        "連絡先メールアドレス": null,
        "連絡先FormURL": null,
        "連絡先備考（その他、SNSなど）": null,
        "郵便番号": 7530011,
        "法人番号": null,
        "団体名": null,
        "利用可能曜日": "月火水木金土日",
        "開始時間": "8:30",
        "終了時間": "22:00",
        "利用可能時間特記事項": "行政窓口は17:15まで。年末年始(12月29日から1月3日)は休日",
        "説明": null,
        "車椅子可": null,
        "車椅子貸出": null,
        "ツエ貸出": null,
        "バリアフリートイレ": null,
        "スロープ、エレベータ、エスカレータ": null,
        "点字ブロック等の移動支援": null,
        "点字や読上による支援": null,
        "盲導犬・介助犬、聴導犬同伴": null,
        "字幕": null,
        "筆談対応": null,
        "優先駐車場": null,
        "オストメイト対応トイレ": null,
        "授乳室": null,
        "おむつ替えコーナー": null,
        "飲食可否": null,
        "ベビーカー貸出": null,
        "ベビーカー利用": null,
        "URL": "https://www.city.yamaguchi.lg.jp/map/7173.html",
        "画像": null,
        "画像_ライセンス": null,
        "備考": null
      }
    },
    {
      "type": "Feature",
      "geometry": {
        "type": "Point",
        "coordinates": [
          131.432677,
          34.166262
        ]
      },
      "properties": {
        "全国地方公共団体コード": 352039,
        "ID": "AD1304000019",
        "地方公共団体名": "山口県山口市",
        "name": "吉敷地域交流センター",
        "名称_カナ": null,
        "名称_英字": null,
        "名称_通称": null,
        "POIコード": 1307.0,
        "外部識別子": null,
        "外部識別子の値": null,
        "所在地_全国地方公共団体コード": 352039,
        "町字ID": 159001.0,
        "所在地_連結表記": "山口県山口市吉敷佐畑一丁目4ｰ1",
        "所在地_都道府県": "山口県",
        "所在地_市区町村": "山口市",
        "所在地_町字": "吉敷佐畑一丁目",
        "所在地_ｰ以下": "4ｰ1",
        "建物名等(方書)": null,
        "高度の種別": null,
        "高度の値": null,
        "電話番号": "(083)922-0668",
        "内線番号": null,
        "連絡先メールアドレス": null,
        "連絡先FormURL": null,
        "連絡先備考（その他、SNSなど）": null,
        "郵便番号": 7530816,
        "法人番号": null,
        "団体名": null,
        "利用可能曜日": "月火水木金土日",
        "開始時間": "8:30",
        "終了時間": "22:00",
        "利用可能時間特記事項": "行政窓口は17:15まで。年末年始(12月29日から1月3日)は休日",
        "説明": null,
        "車椅子可": null,
        "車椅子貸出": null,
        "ツエ貸出": null,
        "バリアフリートイレ": null,
        "スロープ、エレベータ、エスカレータ": null,
        "点字ブロック等の移動支援": null,
        "点字や読上による支援": null,
        "盲導犬・介助犬、聴導犬同伴": null,
        "字幕": null,
        "筆談対応": null,
        "優先駐車場": null,
        "オストメイト対応トイレ": null,
        "授乳室": null,
        "おむつ替えコーナー": null,
        "飲食可否": null,
        "ベビーカー貸出": null,
        "ベビーカー利用": null,
        "URL": "https://www.city.yamaguchi.lg.jp/map/7174.html",
        "画像": null,
        "画像_ライセンス": null,
        "備考": null
      }
    },
    {
      "type": "Feature",
      "geometry": {
        "type": "Point",
        "coordinates": [
          131.454564,
          34.142689
        ]
      },
      "properties": {
        "全国地方公共団体コード": 352039,
        "ID": "AD1304000020",
        "地方公共団体名": "山口県山口市",
        "name": "平川地域交流センター",
        "名称_カナ": null,
        "名称_英字": null,
        "名称_通称": null,
        "POIコード": 1307.0,
        "外部識別子": null,
        "外部識別子の値": null,
        "所在地_全国地方公共団体コード": 352039,
        "町字ID": 139000.0,
        "所在地_連結表記": "山口県山口市平井1665",
        "所在地_都道府県": "山口県",
        "所在地_市区町村": "山口市",
        "所在地_町字": "平井",
        "所在地_ｰ以下": "1665",
        "建物名等(方書)": null,
        "高度の種別": null,
        "高度の値": null,
        "電話番号": "(083)922-0026",
        "内線番号": null,
        "連絡先メールアドレス": null,
        "連絡先FormURL": null,
        "連絡先備考（その他、SNSなど）": null,
        "郵便番号": 7530831,
        "法人番号": null,
        "団体名": null,
        "利用可能曜日": "月火水木金土日",
        "開始時間": "8:30",
        "終了時間": "22:00",
        "利用可能時間特記事項": "行政窓口は17:15まで。年末年始(12月29日から1月3日)は休日",
        "説明": null,
        "車椅子可": null,
        "車椅子貸出": null,
        "ツエ貸出": null,
        "バリアフリートイレ": null,
        "スロープ、エレベータ、エスカレータ": null,
        "点字ブロック等の移動支援": null,
        "点字や読上による支援": null,
        "盲導犬・介助犬、聴導犬同伴": null,
        "字幕": null,
        "筆談対応": null,
        "優先駐車場": null,
        "オストメイト対応トイレ": null,
        "授乳室": null,
        "おむつ替えコーナー": null,
        "飲食可否": null,
        "ベビーカー貸出": null,
        "ベビーカー利用": null,
        "URL": "https://www.city.yamaguchi.lg.jp/map/7175.html",
        "画像": null,
        "画像_ライセンス": null,
        "備考": null
      }
    },
    {
      "type": "Feature",
      "geometry": {
        "type": "Point",
        "coordinates": [
          131.702218,
          34.16085
        ]
      },
      "properties": {
        "全国地方公共団体コード": 352039,
        "ID": "AD1304000021",
        "地方公共団体名": "山口県山口市",
        "name": "徳地地域交流センター島地分館",
        "名称_カナ": null,
        "名称_英字": null,
        "名称_通称": null,
        "POIコード": 1307.0,
        "外部識別子": null,
        "外部識別子の値": null,
        "所在地_全国地方公共団体コード": 352039,
        "町字ID": 114000.0,
        "所在地_連結表記": "山口県山口市徳地島地96ｰ2",
        "所在地_都道府県": "山口県",
        "所在地_市区町村": "山口市",
        "所在地_町字": "徳地島地",
        "所在地_ｰ以下": "96ｰ2",
        "建物名等(方書)": null,
        "高度の種別": null,
        "高度の値": null,
        "電話番号": "(0835)54-0001",
        "内線番号": null,
        "連絡先メールアドレス": null,
        "連絡先FormURL": null,
        "連絡先備考（その他、SNSなど）": null,
        "郵便番号": 7470522,
        "法人番号": null,
        "団体名": null,
        "利用可能曜日": "月火水木金土日",
        "開始時間": "8:30",
        "終了時間": "22:00",
        "利用可能時間特記事項": "行政窓口は17:15まで。年末年始(12月29日から1月3日)は休日",
        "説明": null,
        "車椅子可": null,
        "車椅子貸出": null,
        "ツエ貸出": null,
        "バリアフリートイレ": null,
        "スロープ、エレベータ、エスカレータ": null,
        "点字ブロック等の移動支援": null,
        "点字や読上による支援": null,
        "盲導犬・介助犬、聴導犬同伴": null,
        "字幕": null,
        "筆談対応": null,
        "優先駐車場": null,
        "オストメイト対応トイレ": null,
        "授乳室": null,
        "おむつ替えコーナー": null,
        "飲食可否": null,
        "ベビーカー貸出": null,
        "ベビーカー利用": null,
        "URL": "https://www.city.yamaguchi.lg.jp/map/7158.html",
        "画像": null,
        "画像_ライセンス": null,
        "備考": null
      }
    },
    {
      "type": "Feature",
      "geometry": {
        "type": "Point",
        "coordinates": [
          131.662747,
          34.232089
        ]
      },
      "properties": {
        "全国地方公共団体コード": 352039,
        "ID": "AD1304000022",
        "地方公共団体名": "山口県山口市",
        "name": "徳地地域交流センター八坂分館",
        "名称_カナ": null,
        "名称_英字": null,
        "名称_通称": null,
        "POIコード": 1307.0,
        "外部識別子": null,
        "外部識別子の値": null,
        "所在地_全国地方公共団体コード": 352039,
        "町字ID": 122000.0,
        "所在地_連結表記": "山口県山口市徳地八坂975",
        "所在地_都道府県": "山口県",
        "所在地_市区町村": "山口市",
        "所在地_町字": "徳地八坂",
        "所在地_ｰ以下": "975",
        "建物名等(方書)": null,
        "高度の種別": null,
        "高度の値": null,
        "電話番号": "(0835)56-0301",
        "内線番号": null,
        "連絡先メールアドレス": null,
        "連絡先FormURL": null,
        "連絡先備考（その他、SNSなど）": null,
        "郵便番号": 7470344,
        "法人番号": null,
        "団体名": null,
        "利用可能曜日": "月火水木金土日",
        "開始時間": "8:30",
        "終了時間": "22:00",
        "利用可能時間特記事項": "行政窓口は17:15まで。年末年始(12月29日から1月3日)は休日",
        "説明": null,
        "車椅子可": null,
        "車椅子貸出": null,
        "ツエ貸出": null,
        "バリアフリートイレ": null,
        "スロープ、エレベータ、エスカレータ": null,
        "点字ブロック等の移動支援": null,
        "点字や読上による支援": null,
        "盲導犬・介助犬、聴導犬同伴": null,
        "字幕": null,
        "筆談対応": null,
        "優先駐車場": null,
        "オストメイト対応トイレ": null,
        "授乳室": null,
        "おむつ替えコーナー": null,
        "飲食可否": null,
        "ベビーカー貸出": null,
        "ベビーカー利用": null,
        "URL": "https://www.city.yamaguchi.lg.jp/map/7160.html",
        "画像": null,
        "画像_ライセンス": null,
        "備考": null
      }
    },
    {
      "type": "Feature",
      "geometry": {
        "type": "Point",
        "coordinates": [
          131.685906,
          34.3038
        ]
      },
      "properties": {
        "全国地方公共団体コード": 352039,
        "ID": "AD1304000023",
        "地方公共団体名": "山口県山口市",
        "name": "徳地地域交流センター柚野分館",
        "名称_カナ": null,
        "名称_英字": null,
        "名称_通称": null,
        "POIコード": 1307.0,
        "外部識別子": null,
        "外部識別子の値": null,
        "所在地_全国地方公共団体コード": 352039,
        "町字ID": 115000.0,
        "所在地_連結表記": "山口県山口市徳地野谷349ｰ2",
        "所在地_都道府県": "山口県",
        "所在地_市区町村": "山口市",
        "所在地_町字": "徳地野谷",
        "所在地_ｰ以下": "349ｰ2",
        "建物名等(方書)": null,
        "高度の種別": null,
        "高度の値": null,
        "電話番号": "(0835)58-0001",
        "内線番号": null,
        "連絡先メールアドレス": null,
        "連絡先FormURL": null,
        "連絡先備考（その他、SNSなど）": null,
        "郵便番号": 7470401,
        "法人番号": null,
        "団体名": null,
        "利用可能曜日": "月火水木金土日",
        "開始時間": "8:30",
        "終了時間": "22:00",
        "利用可能時間特記事項": "行政窓口は17:15まで。年末年始(12月29日から1月3日)は休日",
        "説明": null,
        "車椅子可": null,
        "車椅子貸出": null,
        "ツエ貸出": null,
        "バリアフリートイレ": null,
        "スロープ、エレベータ、エスカレータ": null,
        "点字ブロック等の移動支援": null,
        "点字や読上による支援": null,
        "盲導犬・介助犬、聴導犬同伴": null,
        "字幕": null,
        "筆談対応": null,
        "優先駐車場": null,
        "オストメイト対応トイレ": null,
        "授乳室": null,
        "おむつ替えコーナー": null,
        "飲食可否": null,
        "ベビーカー貸出": null,
        "ベビーカー利用": null,
        "URL": "https://www.city.yamaguchi.lg.jp/map/7161.html",
        "画像": null,
        "画像_ライセンス": null,
        "備考": null
      }
    },
    {
      "type": "Feature",
      "geometry": {
        "type": "Point",
        "coordinates": [
          131.57754,
          34.304561
        ]
      },
      "properties": {
        "全国地方公共団体コード": 352039,
        "ID": "AD1304000024",
        "地方公共団体名": "山口県山口市",
        "name": "阿東地域交流センター生雲分館",
        "名称_カナ": null,
        "名称_英字": null,
        "名称_通称": null,
        "POIコード": 1307.0,
        "外部識別子": null,
        "外部識別子の値": null,
        "所在地_全国地方公共団体コード": 352039,
        "町字ID": 11000.0,
        "所在地_連結表記": "山口県山口市阿東生雲中188ｰ2",
        "所在地_都道府県": "山口県",
        "所在地_市区町村": "山口市",
        "所在地_町字": "阿東生雲中",
        "所在地_ｰ以下": "188ｰ2",
        "建物名等(方書)": null,
        "高度の種別": null,
        "高度の値": null,
        "電話番号": "(083)954-0044",
        "内線番号": null,
        "連絡先メールアドレス": null,
        "連絡先FormURL": null,
        "連絡先備考（その他、SNSなど）": null,
        "郵便番号": 7591342,
        "法人番号": null,
        "団体名": null,
        "利用可能曜日": "月火水木金土日",
        "開始時間": "8:30",
        "終了時間": "22:00",
        "利用可能時間特記事項": "行政窓口は17:15まで。年末年始(12月29日から1月3日)は休日",
        "説明": null,
        "車椅子可": null,
        "車椅子貸出": null,
        "ツエ貸出": null,
        "バリアフリートイレ": null,
        "スロープ、エレベータ、エスカレータ": null,
        "点字ブロック等の移動支援": null,
        "点字や読上による支援": null,
        "盲導犬・介助犬、聴導犬同伴": null,
        "字幕": null,
        "筆談対応": null,
        "優先駐車場": null,
        "オストメイト対応トイレ": null,
        "授乳室": null,
        "おむつ替えコーナー": null,
        "飲食可否": null,
        "ベビーカー貸出": null,
        "ベビーカー利用": null,
        "URL": "https://www.city.yamaguchi.lg.jp/map/7164.html",
        "画像": null,
        "画像_ライセンス": null,
        "備考": null
      }
    },
    {
      "type": "Feature",
      "geometry": {
        "type": "Point",
        "coordinates": [
          131.440026,
          34.148993
        ]
      },
      "properties": {
        "全国地方公共団体コード": 352039,
        "ID": "AD1304000025",
        "地方公共団体名": "山口県山口市",
        "name": "大歳地域交流センター",
        "名称_カナ": null,
        "名称_英字": null,
        "名称_通称": null,
        "POIコード": 1307.0,
        "外部識別子": null,
        "外部識別子の値": null,
        "所在地_全国地方公共団体コード": 352039,
        "町字ID": 152000.0,
        "所在地_連結表記": "山口県山口市矢原1407ｰ5",
        "所在地_都道府県": "山口県",
        "所在地_市区町村": "山口市",
        "所在地_町字": "矢原",
        "所在地_ｰ以下": "1407ｰ5",
        "建物名等(方書)": null,
        "高度の種別": null,
        "高度の値": null,
        "電話番号": "(083)922-2461",
        "内線番号": null,
        "連絡先メールアドレス": null,
        "連絡先FormURL": null,
        "連絡先備考（その他、SNSなど）": null,
        "郵便番号": 7530861,
        "法人番号": null,
        "団体名": null,
        "利用可能曜日": "月火水木金土日",
        "開始時間": "8:30",
        "終了時間": "22:00",
        "利用可能時間特記事項": "行政窓口は17:15まで。年末年始(12月29日から1月3日)は休日",
        "説明": null,
        "車椅子可": null,
        "車椅子貸出": null,
        "ツエ貸出": null,
        "バリアフリートイレ": null,
        "スロープ、エレベータ、エスカレータ": null,
        "点字ブロック等の移動支援": null,
        "点字や読上による支援": null,
        "盲導犬・介助犬、聴導犬同伴": null,
        "字幕": null,
        "筆談対応": null,
        "優先駐車場": null,
        "オストメイト対応トイレ": null,
        "授乳室": null,
        "おむつ替えコーナー": null,
        "飲食可否": null,
        "ベビーカー貸出": null,
        "ベビーカー利用": null,
        "URL": "https://www.city.yamaguchi.lg.jp/map/7176.html",
        "画像": null,
        "画像_ライセンス": null,
        "備考": null
      }
    },
    {
      "type": "Feature",
      "geometry": {
        "type": "Point",
        "coordinates": [
          131.43096,
          34.089906
        ]
      },
      "properties": {
        "全国地方公共団体コード": 352039,
        "ID": "AD1304000026",
        "地方公共団体名": "山口県山口市",
        "name": "陶地域交流センター",
        "名称_カナ": null,
        "名称_英字": null,
        "名称_通称": null,
        "POIコード": 1307.0,
        "外部識別子": null,
        "外部識別子の値": null,
        "所在地_全国地方公共団体コード": 352039,
        "町字ID": 95000.0,
        "所在地_連結表記": "山口県山口市陶2595",
        "所在地_都道府県": "山口県",
        "所在地_市区町村": "山口市",
        "所在地_町字": "陶",
        "所在地_ｰ以下": "2595",
        "建物名等(方書)": null,
        "高度の種別": null,
        "高度の値": null,
        "電話番号": "(083)972-0702",
        "内線番号": null,
        "連絡先メールアドレス": null,
        "連絡先FormURL": null,
        "連絡先備考（その他、SNSなど）": null,
        "郵便番号": 7540891,
        "法人番号": null,
        "団体名": null,
        "利用可能曜日": "月火水木金土日",
        "開始時間": "8:30",
        "終了時間": "22:00",
        "利用可能時間特記事項": "行政窓口は17:15まで。年末年始(12月29日から1月3日)は休日",
        "説明": null,
        "車椅子可": null,
        "車椅子貸出": null,
        "ツエ貸出": null,
        "バリアフリートイレ": null,
        "スロープ、エレベータ、エスカレータ": null,
        "点字ブロック等の移動支援": null,
        "点字や読上による支援": null,
        "盲導犬・介助犬、聴導犬同伴": null,
        "字幕": null,
        "筆談対応": null,
        "優先駐車場": null,
        "オストメイト対応トイレ": null,
        "授乳室": null,
        "おむつ替えコーナー": null,
        "飲食可否": null,
        "ベビーカー貸出": null,
        "ベビーカー利用": null,
        "URL": "https://www.city.yamaguchi.lg.jp/soshiki/136/",
        "画像": null,
        "画像_ライセンス": null,
        "備考": null
      }
    },
    {
      "type": "Feature",
      "geometry": {
        "type": "Point",
        "coordinates": [
          131.446206,
          34.079351
        ]
      },
      "properties": {
        "全国地方公共団体コード": 352039,
        "ID": "AD1304000027",
        "地方公共団体名": "山口県山口市",
        "name": "鋳銭司地域交流センター",
        "名称_カナ": null,
        "名称_英字": null,
        "名称_通称": null,
        "POIコード": 1307.0,
        "外部識別子": null,
        "外部識別子の値": null,
        "所在地_全国地方公共団体コード": 352039,
        "町字ID": 96000.0,
        "所在地_連結表記": "山口県山口市鋳銭司5675-1",
        "所在地_都道府県": "山口県",
        "所在地_市区町村": "山口市",
        "所在地_町字": "鋳銭司",
        "所在地_ｰ以下": "5675ｰ1",
        "建物名等(方書)": null,
        "高度の種別": null,
        "高度の値": null,
        "電話番号": "(083)986-2001",
        "内線番号": null,
        "連絡先メールアドレス": null,
        "連絡先FormURL": null,
        "連絡先備考（その他、SNSなど）": null,
        "郵便番号": 7471221,
        "法人番号": null,
        "団体名": null,
        "利用可能曜日": "月火水木金土日",
        "開始時間": "8:30",
        "終了時間": "22:00",
        "利用可能時間特記事項": "行政窓口は17:15まで。年末年始(12月29日から1月3日)は休日",
        "説明": null,
        "車椅子可": null,
        "車椅子貸出": null,
        "ツエ貸出": null,
        "バリアフリートイレ": null,
        "スロープ、エレベータ、エスカレータ": null,
        "点字ブロック等の移動支援": null,
        "点字や読上による支援": null,
        "盲導犬・介助犬、聴導犬同伴": null,
        "字幕": null,
        "筆談対応": null,
        "優先駐車場": null,
        "オストメイト対応トイレ": null,
        "授乳室": null,
        "おむつ替えコーナー": null,
        "飲食可否": null,
        "ベビーカー貸出": null,
        "ベビーカー利用": null,
        "URL": "https://www.city.yamaguchi.lg.jp/map/7178.html",
        "画像": null,
        "画像_ライセンス": null,
        "備考": null
      }
    },
    {
      "type": "Feature",
      "geometry": {
        "type": "Point",
        "coordinates": [
          131.359889,
          34.03604651
        ]
      },
      "properties": {
        "全国地方公共団体コード": 352039,
        "ID": "AD1304000028",
        "地方公共団体名": "山口県山口市",
        "name": "佐山地域交流センター",
        "名称_カナ": null,
        "名称_英字": null,
        "名称_通称": null,
        "POIコード": 1307.0,
        "外部識別子": null,
        "外部識別子の値": null,
        "所在地_全国地方公共団体コード": 352039,
        "町字ID": 168000.0,
        "所在地_連結表記": "山口県山口市佐山2726ｰ1",
        "所在地_都道府県": "山口県",
        "所在地_市区町村": "山口市",
        "所在地_町字": "佐山",
        "所在地_ｰ以下": "2726ｰ1",
        "建物名等(方書)": null,
        "高度の種別": null,
        "高度の値": null,
        "電話番号": "(083)989-3001",
        "内線番号": null,
        "連絡先メールアドレス": null,
        "連絡先FormURL": null,
        "連絡先備考（その他、SNSなど）": null,
        "郵便番号": 7540894,
        "法人番号": null,
        "団体名": null,
        "利用可能曜日": "月火水木金土日",
        "開始時間": "8:30",
        "終了時間": "22:00",
        "利用可能時間特記事項": "行政窓口は17:15まで。年末年始(12月29日から1月3日)は休日",
        "説明": null,
        "車椅子可": null,
        "車椅子貸出": null,
        "ツエ貸出": null,
        "バリアフリートイレ": null,
        "スロープ、エレベータ、エスカレータ": null,
        "点字ブロック等の移動支援": null,
        "点字や読上による支援": null,
        "盲導犬・介助犬、聴導犬同伴": null,
        "字幕": null,
        "筆談対応": null,
        "優先駐車場": null,
        "オストメイト対応トイレ": null,
        "授乳室": null,
        "おむつ替えコーナー": null,
        "飲食可否": null,
        "ベビーカー貸出": null,
        "ベビーカー利用": null,
        "URL": "https://www.city.yamaguchi.lg.jp/map/105205.html",
        "画像": null,
        "画像_ライセンス": null,
        "備考": null
      }
    },
    {
      "type": "Feature",
      "geometry": {
        "type": "Point",
        "coordinates": [
          131.729565,
          34.196764
        ]
      },
      "properties": {
        "全国地方公共団体コード": 352039,
        "ID": "AD1304000029",
        "地方公共団体名": "山口県山口市",
        "name": "徳地地域交流センター串分館",
        "名称_カナ": null,
        "名称_英字": null,
        "名称_通称": null,
        "POIコード": 1307.0,
        "外部識別子": null,
        "外部識別子の値": null,
        "所在地_全国地方公共団体コード": 352039,
        "町字ID": 113000.0,
        "所在地_連結表記": "山口県山口市徳地鯖河内1629ｰ1",
        "所在地_都道府県": "山口県",
        "所在地_市区町村": "山口市",
        "所在地_町字": "徳地鯖河内",
        "所在地_ｰ以下": "1629ｰ1",
        "建物名等(方書)": null,
        "高度の種別": null,
        "高度の値": null,
        "電話番号": "(0835)54-0222",
        "内線番号": null,
        "連絡先メールアドレス": null,
        "連絡先FormURL": null,
        "連絡先備考（その他、SNSなど）": null,
        "郵便番号": 7470611,
        "法人番号": null,
        "団体名": null,
        "利用可能曜日": "月火水木金土日",
        "開始時間": "8:30",
        "終了時間": "22:00",
        "利用可能時間特記事項": "行政窓口は17:15まで。年末年始(12月29日から1月3日)は休日",
        "説明": null,
        "車椅子可": null,
        "車椅子貸出": null,
        "ツエ貸出": null,
        "バリアフリートイレ": null,
        "スロープ、エレベータ、エスカレータ": null,
        "点字ブロック等の移動支援": null,
        "点字や読上による支援": null,
        "盲導犬・介助犬、聴導犬同伴": null,
        "字幕": null,
        "筆談対応": null,
        "優先駐車場": null,
        "オストメイト対応トイレ": null,
        "授乳室": null,
        "おむつ替えコーナー": null,
        "飲食可否": null,
        "ベビーカー貸出": null,
        "ベビーカー利用": null,
        "URL": "https://www.city.yamaguchi.lg.jp/map/7159.html",
        "画像": null,
        "画像_ライセンス": null,
        "備考": null
      }
    },
    {
      "type": "Feature",
      "geometry": {
        "type": "Point",
        "coordinates": [
          131.666404,
          34.255904
        ]
      },
      "properties": {
        "全国地方公共団体コード": 352039,
        "ID": "AD1304000030",
        "地方公共団体名": "山口県山口市",
        "name": "山口市船路東集会所",
        "名称_カナ": null,
        "名称_英字": null,
        "名称_通称": null,
        "POIコード": null,
        "外部識別子": null,
        "外部識別子の値": null,
        "所在地_全国地方公共団体コード": 352039,
        "町字ID": 119000.0,
        "所在地_連結表記": "山口県山口市徳地船路1391ｰ3",
        "所在地_都道府県": "山口県",
        "所在地_市区町村": "山口市",
        "所在地_町字": "徳地船路",
        "所在地_ｰ以下": "1391ｰ3",
        "建物名等(方書)": null,
        "高度の種別": null,
        "高度の値": null,
        "電話番号": null,
        "内線番号": null,
        "連絡先メールアドレス": null,
        "連絡先FormURL": null,
        "連絡先備考（その他、SNSなど）": null,
        "郵便番号": 7470342,
        "法人番号": null,
        "団体名": null,
        "利用可能曜日": null,
        "開始時間": null,
        "終了時間": null,
        "利用可能時間特記事項": null,
        "説明": null,
        "車椅子可": null,
        "車椅子貸出": null,
        "ツエ貸出": null,
        "バリアフリートイレ": null,
        "スロープ、エレベータ、エスカレータ": null,
        "点字ブロック等の移動支援": null,
        "点字や読上による支援": null,
        "盲導犬・介助犬、聴導犬同伴": null,
        "字幕": null,
        "筆談対応": null,
        "優先駐車場": null,
        "オストメイト対応トイレ": null,
        "授乳室": null,
        "おむつ替えコーナー": null,
        "飲食可否": null,
        "ベビーカー貸出": null,
        "ベビーカー利用": null,
        "URL": null,
        "画像": null,
        "画像_ライセンス": null,
        "備考": null
      }
    },
    {
      "type": "Feature",
      "geometry": {
        "type": "Point",
        "coordinates": [
          131.689518,
          34.175432
        ]
      },
      "properties": {
        "全国地方公共団体コード": 352039,
        "ID": "AD1304000031",
        "地方公共団体名": "山口県山口市",
        "name": "山口市山畑集会所",
        "名称_カナ": null,
        "名称_英字": null,
        "名称_通称": null,
        "POIコード": null,
        "外部識別子": null,
        "外部識別子の値": null,
        "所在地_全国地方公共団体コード": 352039,
        "町字ID": 123000.0,
        "所在地_連結表記": "山口県山口市徳地山畑444ｰ1",
        "所在地_都道府県": "山口県",
        "所在地_市区町村": "山口市",
        "所在地_町字": "徳地山畑",
        "所在地_ｰ以下": "444ｰ1",
        "建物名等(方書)": null,
        "高度の種別": null,
        "高度の値": null,
        "電話番号": null,
        "内線番号": null,
        "連絡先メールアドレス": null,
        "連絡先FormURL": null,
        "連絡先備考（その他、SNSなど）": null,
        "郵便番号": 7470521,
        "法人番号": null,
        "団体名": null,
        "利用可能曜日": null,
        "開始時間": null,
        "終了時間": null,
        "利用可能時間特記事項": null,
        "説明": null,
        "車椅子可": null,
        "車椅子貸出": null,
        "ツエ貸出": null,
        "バリアフリートイレ": null,
        "スロープ、エレベータ、エスカレータ": null,
        "点字ブロック等の移動支援": null,
        "点字や読上による支援": null,
        "盲導犬・介助犬、聴導犬同伴": null,
        "字幕": null,
        "筆談対応": null,
        "優先駐車場": null,
        "オストメイト対応トイレ": null,
        "授乳室": null,
        "おむつ替えコーナー": null,
        "飲食可否": null,
        "ベビーカー貸出": null,
        "ベビーカー利用": null,
        "URL": null,
        "画像": null,
        "画像_ライセンス": null,
        "備考": null
      }
    },
    {
      "type": "Feature",
      "geometry": {
        "type": "Point",
        "coordinates": [
          131.723105,
          34.172853
        ]
      },
      "properties": {
        "全国地方公共団体コード": 352039,
        "ID": "AD1304000032",
        "地方公共団体名": "山口県山口市",
        "name": "山口市遠内集会所",
        "名称_カナ": null,
        "名称_英字": null,
        "名称_通称": null,
        "POIコード": null,
        "外部識別子": null,
        "外部識別子の値": null,
        "所在地_全国地方公共団体コード": 352039,
        "町字ID": 112000.0,
        "所在地_連結表記": "山口県山口市徳地串2034",
        "所在地_都道府県": "山口県",
        "所在地_市区町村": "山口市",
        "所在地_町字": "徳地串",
        "所在地_ｰ以下": "2034",
        "建物名等(方書)": null,
        "高度の種別": null,
        "高度の値": null,
        "電話番号": null,
        "内線番号": null,
        "連絡先メールアドレス": null,
        "連絡先FormURL": null,
        "連絡先備考（その他、SNSなど）": null,
        "郵便番号": 7470612,
        "法人番号": null,
        "団体名": null,
        "利用可能曜日": null,
        "開始時間": null,
        "終了時間": null,
        "利用可能時間特記事項": null,
        "説明": null,
        "車椅子可": null,
        "車椅子貸出": null,
        "ツエ貸出": null,
        "バリアフリートイレ": null,
        "スロープ、エレベータ、エスカレータ": null,
        "点字ブロック等の移動支援": null,
        "点字や読上による支援": null,
        "盲導犬・介助犬、聴導犬同伴": null,
        "字幕": null,
        "筆談対応": null,
        "優先駐車場": null,
        "オストメイト対応トイレ": null,
        "授乳室": null,
        "おむつ替えコーナー": null,
        "飲食可否": null,
        "ベビーカー貸出": null,
        "ベビーカー利用": null,
        "URL": null,
        "画像": null,
        "画像_ライセンス": null,
        "備考": null
      }
    },
    {
      "type": "Feature",
      "geometry": {
        "type": "Point",
        "coordinates": [
          131.498413,
          34.191441
        ]
      },
      "properties": {
        "全国地方公共団体コード": 352039,
        "ID": "AD1304000033",
        "地方公共団体名": "山口県山口市",
        "name": "宮野地域交流ステーション",
        "名称_カナ": null,
        "名称_英字": null,
        "名称_通称": null,
        "POIコード": null,
        "外部識別子": null,
        "外部識別子の値": null,
        "所在地_全国地方公共団体コード": 352039,
        "町字ID": 84002.0,
        "所在地_連結表記": "山口県山口市桜畠二丁目4ｰ1",
        "所在地_都道府県": "山口県",
        "所在地_市区町村": "山口市",
        "所在地_町字": "桜畠二丁目",
        "所在地_ｰ以下": "4ｰ1",
        "建物名等(方書)": null,
        "高度の種別": null,
        "高度の値": null,
        "電話番号": "(083)923-5189",
        "内線番号": null,
        "連絡先メールアドレス": null,
        "連絡先FormURL": null,
        "連絡先備考（その他、SNSなど）": null,
        "郵便番号": 7530021,
        "法人番号": null,
        "団体名": null,
        "利用可能曜日": "月火水木金土日",
        "開始時間": "8:30",
        "終了時間": "22:00",
        "利用可能時間特記事項": null,
        "説明": null,
        "車椅子可": null,
        "車椅子貸出": null,
        "ツエ貸出": null,
        "バリアフリートイレ": null,
        "スロープ、エレベータ、エスカレータ": null,
        "点字ブロック等の移動支援": null,
        "点字や読上による支援": null,
        "盲導犬・介助犬、聴導犬同伴": null,
        "字幕": null,
        "筆談対応": null,
        "優先駐車場": null,
        "オストメイト対応トイレ": null,
        "授乳室": null,
        "おむつ替えコーナー": null,
        "飲食可否": null,
        "ベビーカー貸出": null,
        "ベビーカー利用": null,
        "URL": null,
        "画像": null,
        "画像_ライセンス": null,
        "備考": null
      }
    },
    {
      "type": "Feature",
      "geometry": {
        "type": "Point",
        "coordinates": [
          131.724148,
          34.296947
        ]
      },
      "properties": {
        "全国地方公共団体コード": 352039,
        "ID": "AD1304000034",
        "地方公共団体名": "山口県山口市",
        "name": "山口市柚木老人憩の家",
        "名称_カナ": null,
        "名称_英字": null,
        "名称_通称": null,
        "POIコード": null,
        "外部識別子": null,
        "外部識別子の値": null,
        "所在地_全国地方公共団体コード": 352039,
        "町字ID": 124000.0,
        "所在地_連結表記": "山口県山口市徳地柚木374ｰ1",
        "所在地_都道府県": "山口県",
        "所在地_市区町村": "山口市",
        "所在地_町字": "徳地柚木",
        "所在地_ｰ以下": "374ｰ1",
        "建物名等(方書)": null,
        "高度の種別": null,
        "高度の値": null,
        "電話番号": null,
        "内線番号": null,
        "連絡先メールアドレス": null,
        "連絡先FormURL": null,
        "連絡先備考（その他、SNSなど）": null,
        "郵便番号": 7470402,
        "法人番号": null,
        "団体名": null,
        "利用可能曜日": null,
        "開始時間": null,
        "終了時間": null,
        "利用可能時間特記事項": null,
        "説明": null,
        "車椅子可": null,
        "車椅子貸出": null,
        "ツエ貸出": null,
        "バリアフリートイレ": null,
        "スロープ、エレベータ、エスカレータ": null,
        "点字ブロック等の移動支援": null,
        "点字や読上による支援": null,
        "盲導犬・介助犬、聴導犬同伴": null,
        "字幕": null,
        "筆談対応": null,
        "優先駐車場": null,
        "オストメイト対応トイレ": null,
        "授乳室": null,
        "おむつ替えコーナー": null,
        "飲食可否": null,
        "ベビーカー貸出": null,
        "ベビーカー利用": null,
        "URL": null,
        "画像": null,
        "画像_ライセンス": null,
        "備考": null
      }
    },
    {
      "type": "Feature",
      "geometry": {
        "type": "Point",
        "coordinates": [
          131.476187,
          34.175878
        ]
      },
      "properties": {
        "全国地方公共団体コード": 352039,
        "ID": "AD1304000035",
        "地方公共団体名": "山口県山口市",
        "name": "市民活動支援センター「さぽらんて」",
        "名称_カナ": null,
        "名称_英字": null,
        "名称_通称": null,
        "POIコード": null,
        "外部識別子": null,
        "外部識別子の値": null,
        "所在地_全国地方公共団体コード": 352039,
        "町字ID": 105002.0,
        "所在地_連結表記": "山口県山口市道場門前二丁目3ｰ6どうもんビル1F",
        "所在地_都道府県": "山口県",
        "所在地_市区町村": "山口市",
        "所在地_町字": "道場門前二丁目",
        "所在地_ｰ以下": "3ｰ6",
        "建物名等(方書)": "どうもんビル1Ｆ",
        "高度の種別": null,
        "高度の値": null,
        "電話番号": "(083)901-1166",
        "内線番号": null,
        "連絡先メールアドレス": null,
        "連絡先FormURL": null,
        "連絡先備考（その他、SNSなど）": null,
        "郵便番号": 7530047,
        "法人番号": null,
        "団体名": null,
        "利用可能曜日": "月火木金土日",
        "開始時間": "9:30",
        "終了時間": "18:00",
        "利用可能時間特記事項": "水、土日以外の祝日、年末年始(12月29日から1月3日)は休日",
        "説明": null,
        "車椅子可": null,
        "車椅子貸出": null,
        "ツエ貸出": null,
        "バリアフリートイレ": null,
        "スロープ、エレベータ、エスカレータ": null,
        "点字ブロック等の移動支援": null,
        "点字や読上による支援": null,
        "盲導犬・介助犬、聴導犬同伴": null,
        "字幕": null,
        "筆談対応": null,
        "優先駐車場": null,
        "オストメイト対応トイレ": null,
        "授乳室": null,
        "おむつ替えコーナー": null,
        "飲食可否": null,
        "ベビーカー貸出": null,
        "ベビーカー利用": null,
        "URL": "https://www.city.yamaguchi.lg.jp/map/7186.html",
        "画像": null,
        "画像_ライセンス": null,
        "備考": null
      }
    },
    {
      "type": "Feature",
      "geometry": {
        "type": "Point",
        "coordinates": [
          131.63265,
          34.174753
        ]
      },
      "properties": {
        "全国地方公共団体コード": 352039,
        "ID": "AD1304000036",
        "地方公共団体名": "山口県山口市",
        "name": "山口市漆尾、二の宮、開作集会所",
        "名称_カナ": null,
        "名称_英字": null,
        "名称_通称": null,
        "POIコード": null,
        "外部識別子": null,
        "外部識別子の値": null,
        "所在地_全国地方公共団体コード": 352039,
        "町字ID": 120000.0,
        "所在地_連結表記": "山口県山口市徳地堀3691ｰ1",
        "所在地_都道府県": "山口県",
        "所在地_市区町村": "山口市",
        "所在地_町字": "徳地堀",
        "所在地_ｰ以下": "3691ｰ1",
        "建物名等(方書)": null,
        "高度の種別": null,
        "高度の値": null,
        "電話番号": null,
        "内線番号": null,
        "連絡先メールアドレス": null,
        "連絡先FormURL": null,
        "連絡先備考（その他、SNSなど）": null,
        "郵便番号": 7470231,
        "法人番号": null,
        "団体名": null,
        "利用可能曜日": null,
        "開始時間": null,
        "終了時間": null,
        "利用可能時間特記事項": null,
        "説明": null,
        "車椅子可": null,
        "車椅子貸出": null,
        "ツエ貸出": null,
        "バリアフリートイレ": null,
        "スロープ、エレベータ、エスカレータ": null,
        "点字ブロック等の移動支援": null,
        "点字や読上による支援": null,
        "盲導犬・介助犬、聴導犬同伴": null,
        "字幕": null,
        "筆談対応": null,
        "優先駐車場": null,
        "オストメイト対応トイレ": null,
        "授乳室": null,
        "おむつ替えコーナー": null,
        "飲食可否": null,
        "ベビーカー貸出": null,
        "ベビーカー利用": null,
        "URL": null,
        "画像": null,
        "画像_ライセンス": null,
        "備考": null
      }
    },
    {
      "type": "Feature",
      "geometry": {
        "type": "Point",
        "coordinates": [
          131.713357,
          34.246307
        ]
      },
      "properties": {
        "全国地方公共団体コード": 352039,
        "ID": "AD1304000038",
        "地方公共団体名": "山口県山口市",
        "name": "山口市徳地三谷交流センター",
        "名称_カナ": "ヤマグチシトクヂミタニコウリュウセンター",
        "名称_英字": null,
        "名称_通称": null,
        "POIコード": null,
        "外部識別子": null,
        "外部識別子の値": null,
        "所在地_全国地方公共団体コード": 352039,
        "町字ID": 121000.0,
        "所在地_連結表記": "山口県山口市徳地三谷1461",
        "所在地_都道府県": "山口県",
        "所在地_市区町村": "山口市",
        "所在地_町字": "徳地三谷",
        "所在地_ｰ以下": "1461",
        "建物名等(方書)": null,
        "高度の種別": null,
        "高度の値": null,
        "電話番号": null,
        "内線番号": null,
        "連絡先メールアドレス": null,
        "連絡先FormURL": null,
        "連絡先備考（その他、SNSなど）": null,
        "郵便番号": 7470343,
        "法人番号": null,
        "団体名": null,
        "利用可能曜日": "月火木金土日",
        "開始時間": "8:30",
        "終了時間": "22:00",
        "利用可能時間特記事項": "水（祝日の場合は翌日）は休日",
        "説明": null,
        "車椅子可": null,
        "車椅子貸出": null,
        "ツエ貸出": null,
        "バリアフリートイレ": null,
        "スロープ、エレベータ、エスカレータ": null,
        "点字ブロック等の移動支援": null,
        "点字や読上による支援": null,
        "盲導犬・介助犬、聴導犬同伴": null,
        "字幕": null,
        "筆談対応": null,
        "優先駐車場": null,
        "オストメイト対応トイレ": null,
        "授乳室": null,
        "おむつ替えコーナー": null,
        "飲食可否": null,
        "ベビーカー貸出": null,
        "ベビーカー利用": null,
        "URL": null,
        "画像": null,
        "画像_ライセンス": null,
        "備考": null
      }
    },
    {
      "type": "Feature",
      "geometry": {
        "type": "Point",
        "coordinates": [
          131.714382,
          34.246506
        ]
      },
      "properties": {
        "全国地方公共団体コード": 352039,
        "ID": "AD1304000039",
        "地方公共団体名": "山口県山口市",
        "name": "山口市三谷生活改善センター",
        "名称_カナ": null,
        "名称_英字": null,
        "名称_通称": null,
        "POIコード": null,
        "外部識別子": null,
        "外部識別子の値": null,
        "所在地_全国地方公共団体コード": 352039,
        "町字ID": 121000.0,
        "所在地_連結表記": "山口県山口市徳地三谷1526ｰ6",
        "所在地_都道府県": "山口県",
        "所在地_市区町村": "山口市",
        "所在地_町字": "徳地三谷",
        "所在地_ｰ以下": "1526ｰ6",
        "建物名等(方書)": null,
        "高度の種別": null,
        "高度の値": null,
        "電話番号": null,
        "内線番号": null,
        "連絡先メールアドレス": null,
        "連絡先FormURL": null,
        "連絡先備考（その他、SNSなど）": null,
        "郵便番号": 7470343,
        "法人番号": null,
        "団体名": null,
        "利用可能曜日": null,
        "開始時間": null,
        "終了時間": null,
        "利用可能時間特記事項": null,
        "説明": null,
        "車椅子可": null,
        "車椅子貸出": null,
        "ツエ貸出": null,
        "バリアフリートイレ": null,
        "スロープ、エレベータ、エスカレータ": null,
        "点字ブロック等の移動支援": null,
        "点字や読上による支援": null,
        "盲導犬・介助犬、聴導犬同伴": null,
        "字幕": null,
        "筆談対応": null,
        "優先駐車場": null,
        "オストメイト対応トイレ": null,
        "授乳室": null,
        "おむつ替えコーナー": null,
        "飲食可否": null,
        "ベビーカー貸出": null,
        "ベビーカー利用": null,
        "URL": null,
        "画像": null,
        "画像_ライセンス": null,
        "備考": null
      }
    },
    {
      "type": "Feature",
      "geometry": {
        "type": "Point",
        "coordinates": [
          131.702745,
          34.159191
        ]
      },
      "properties": {
        "全国地方公共団体コード": 352039,
        "ID": "AD1304000040",
        "地方公共団体名": "山口県山口市",
        "name": "島地温泉ふれあいセンター",
        "名称_カナ": null,
        "名称_英字": null,
        "名称_通称": null,
        "POIコード": null,
        "外部識別子": null,
        "外部識別子の値": null,
        "所在地_全国地方公共団体コード": 352039,
        "町字ID": 114000.0,
        "所在地_連結表記": "山口県山口市徳地島地2102ｰ4",
        "所在地_都道府県": "山口県",
        "所在地_市区町村": "山口市",
        "所在地_町字": "徳地島地",
        "所在地_ｰ以下": "2102ｰ4",
        "建物名等(方書)": null,
        "高度の種別": null,
        "高度の値": null,
        "電話番号": "(0835)54-4545",
        "内線番号": null,
        "連絡先メールアドレス": null,
        "連絡先FormURL": null,
        "連絡先備考（その他、SNSなど）": null,
        "郵便番号": 7470522,
        "法人番号": null,
        "団体名": null,
        "利用可能曜日": "月火木金土日",
        "開始時間": "10:00",
        "終了時間": "20:00",
        "利用可能時間特記事項": "入浴受付は19:00まで。水(祝日の場合は翌日)、年末年始(12月29日から1月3日)は休日",
        "説明": null,
        "車椅子可": null,
        "車椅子貸出": null,
        "ツエ貸出": null,
        "バリアフリートイレ": null,
        "スロープ、エレベータ、エスカレータ": null,
        "点字ブロック等の移動支援": null,
        "点字や読上による支援": null,
        "盲導犬・介助犬、聴導犬同伴": null,
        "字幕": null,
        "筆談対応": null,
        "優先駐車場": null,
        "オストメイト対応トイレ": null,
        "授乳室": null,
        "おむつ替えコーナー": null,
        "飲食可否": null,
        "ベビーカー貸出": null,
        "ベビーカー利用": null,
        "URL": null,
        "画像": null,
        "画像_ライセンス": null,
        "備考": null
      }
    },
    {
      "type": "Feature",
      "geometry": {
        "type": "Point",
        "coordinates": [
          131.674191,
          34.464628
        ]
      },
      "properties": {
        "全国地方公共団体コード": 352039,
        "ID": "AD1304000041",
        "地方公共団体名": "山口県山口市",
        "name": "阿東嘉年基幹集落センター",
        "名称_カナ": null,
        "名称_英字": null,
        "名称_通称": null,
        "POIコード": null,
        "外部識別子": null,
        "外部識別子の値": null,
        "所在地_全国地方公共団体コード": 352039,
        "町字ID": 15000.0,
        "所在地_連結表記": "山口県山口市阿東嘉年下28ｰ1",
        "所在地_都道府県": "山口県",
        "所在地_市区町村": "山口市",
        "所在地_町字": "阿東嘉年下",
        "所在地_ｰ以下": "28ｰ1",
        "建物名等(方書)": null,
        "高度の種別": null,
        "高度の値": null,
        "電話番号": "(083)958-0514",
        "内線番号": null,
        "連絡先メールアドレス": null,
        "連絡先FormURL": null,
        "連絡先備考（その他、SNSなど）": null,
        "郵便番号": 7591602,
        "法人番号": null,
        "団体名": null,
        "利用可能曜日": null,
        "開始時間": null,
        "終了時間": null,
        "利用可能時間特記事項": null,
        "説明": null,
        "車椅子可": null,
        "車椅子貸出": null,
        "ツエ貸出": null,
        "バリアフリートイレ": null,
        "スロープ、エレベータ、エスカレータ": null,
        "点字ブロック等の移動支援": null,
        "点字や読上による支援": null,
        "盲導犬・介助犬、聴導犬同伴": null,
        "字幕": null,
        "筆談対応": null,
        "優先駐車場": null,
        "オストメイト対応トイレ": null,
        "授乳室": null,
        "おむつ替えコーナー": null,
        "飲食可否": null,
        "ベビーカー貸出": null,
        "ベビーカー利用": null,
        "URL": null,
        "画像": null,
        "画像_ライセンス": null,
        "備考": null
      }
    },
    {
      "type": "Feature",
      "geometry": {
        "type": "Point",
        "coordinates": [
          131.566232,
          34.387449
        ]
      },
      "properties": {
        "全国地方公共団体コード": 352039,
        "ID": "AD1304000042",
        "地方公共団体名": "山口県山口市",
        "name": "蔵目喜ふれあいセンター",
        "名称_カナ": null,
        "名称_英字": null,
        "名称_通称": null,
        "POIコード": null,
        "外部識別子": null,
        "外部識別子の値": null,
        "所在地_全国地方公共団体コード": 352039,
        "町字ID": 19000.0,
        "所在地_連結表記": "山口県山口市阿東蔵目喜1880",
        "所在地_都道府県": "山口県",
        "所在地_市区町村": "山口市",
        "所在地_町字": "阿東蔵目喜",
        "所在地_ｰ以下": "1880",
        "建物名等(方書)": null,
        "高度の種別": null,
        "高度の値": null,
        "電話番号": null,
        "内線番号": null,
        "連絡先メールアドレス": null,
        "連絡先FormURL": null,
        "連絡先備考（その他、SNSなど）": null,
        "郵便番号": 7591343,
        "法人番号": null,
        "団体名": null,
        "利用可能曜日": "月火水木金土日",
        "開始時間": "8:30",
        "終了時間": "22:00",
        "利用可能時間特記事項": "年末年始(12月29日から1月3日)は休日",
        "説明": null,
        "車椅子可": null,
        "車椅子貸出": null,
        "ツエ貸出": null,
        "バリアフリートイレ": null,
        "スロープ、エレベータ、エスカレータ": null,
        "点字ブロック等の移動支援": null,
        "点字や読上による支援": null,
        "盲導犬・介助犬、聴導犬同伴": null,
        "字幕": null,
        "筆談対応": null,
        "優先駐車場": null,
        "オストメイト対応トイレ": null,
        "授乳室": null,
        "おむつ替えコーナー": null,
        "飲食可否": null,
        "ベビーカー貸出": null,
        "ベビーカー利用": null,
        "URL": null,
        "画像": null,
        "画像_ライセンス": null,
        "備考": null
      }
    },
    {
      "type": "Feature",
      "geometry": {
        "type": "Point",
        "coordinates": [
          131.401708,
          34.102033
        ]
      },
      "properties": {
        "全国地方公共団体コード": 352039,
        "ID": "AD1304000043",
        "地方公共団体名": "山口県山口市",
        "name": "小郡ふれあいセンター",
        "名称_カナ": null,
        "名称_英字": null,
        "名称_通称": null,
        "POIコード": null,
        "外部識別子": null,
        "外部識別子の値": null,
        "所在地_全国地方公共団体コード": 352039,
        "町字ID": 51000.0,
        "所在地_連結表記": "山口県山口市小郡下郷1440ｰ1",
        "所在地_都道府県": "山口県",
        "所在地_市区町村": "山口市",
        "所在地_町字": "小郡下郷",
        "所在地_ｰ以下": "1440ｰ1",
        "建物名等(方書)": null,
        "高度の種別": null,
        "高度の値": null,
        "電話番号": "(083)973-0003",
        "内線番号": null,
        "連絡先メールアドレス": null,
        "連絡先FormURL": null,
        "連絡先備考（その他、SNSなど）": null,
        "郵便番号": 7540002,
        "法人番号": null,
        "団体名": null,
        "利用可能曜日": "月火水木金土日",
        "開始時間": "8:30",
        "終了時間": "22:00",
        "利用可能時間特記事項": "年末年始(12月29日から1月3日)は休日",
        "説明": null,
        "車椅子可": null,
        "車椅子貸出": null,
        "ツエ貸出": null,
        "バリアフリートイレ": null,
        "スロープ、エレベータ、エスカレータ": null,
        "点字ブロック等の移動支援": null,
        "点字や読上による支援": null,
        "盲導犬・介助犬、聴導犬同伴": null,
        "字幕": null,
        "筆談対応": null,
        "優先駐車場": null,
        "オストメイト対応トイレ": null,
        "授乳室": null,
        "おむつ替えコーナー": null,
        "飲食可否": null,
        "ベビーカー貸出": null,
        "ベビーカー利用": null,
        "URL": "https://www.city.yamaguchi.lg.jp/map/7194.html",
        "画像": null,
        "画像_ライセンス": null,
        "備考": null
      }
    },
    {
      "type": "Feature",
      "geometry": {
        "type": "Point",
        "coordinates": [
          131.474153,
          34.17738
        ]
      },
      "properties": {
        "全国地方公共団体コード": 352039,
        "ID": "AD1304000044",
        "地方公共団体名": "山口県山口市",
        "name": "山口市男女共同参画センター",
        "名称_カナ": null,
        "名称_英字": null,
        "名称_通称": null,
        "POIコード": null,
        "外部識別子": null,
        "外部識別子の値": null,
        "所在地_全国地方公共団体コード": 352039,
        "町字ID": 103002.0,
        "所在地_連結表記": "山口県山口市中央二丁目5-1山口市民会館事務所2階",
        "所在地_都道府県": "山口県",
        "所在地_市区町村": "山口市",
        "所在地_町字": "中央二丁目",
        "所在地_ｰ以下": "5ｰ1",
        "建物名等(方書)": "山口市民会館事務所2階",
        "高度の種別": null,
        "高度の値": null,
        "電話番号": "(083)934-2841",
        "内線番号": null,
        "連絡先メールアドレス": null,
        "連絡先FormURL": null,
        "連絡先備考（その他、SNSなど）": null,
        "郵便番号": 7530074,
        "法人番号": null,
        "団体名": null,
        "利用可能曜日": "火水木金土日",
        "開始時間": "9:00",
        "終了時間": "21:00",
        "利用可能時間特記事項": "土日は9:00-17:00。月、祝日、年末年始(12月29日から1月3日)は休日",
        "説明": null,
        "車椅子可": null,
        "車椅子貸出": null,
        "ツエ貸出": null,
        "バリアフリートイレ": null,
        "スロープ、エレベータ、エスカレータ": null,
        "点字ブロック等の移動支援": null,
        "点字や読上による支援": null,
        "盲導犬・介助犬、聴導犬同伴": null,
        "字幕": null,
        "筆談対応": null,
        "優先駐車場": null,
        "オストメイト対応トイレ": null,
        "授乳室": null,
        "おむつ替えコーナー": null,
        "飲食可否": null,
        "ベビーカー貸出": null,
        "ベビーカー利用": null,
        "URL": "https://www.city.yamaguchi.lg.jp/site/djc/",
        "画像": null,
        "画像_ライセンス": null,
        "備考": null
      }
    },
    {
      "type": "Feature",
      "geometry": {
        "type": "Point",
        "coordinates": [
          131.512786,
          34.219506
        ]
      },
      "properties": {
        "全国地方公共団体コード": 352039,
        "ID": "AD1304000045",
        "地方公共団体名": "山口県山口市",
        "name": "山口ふれあい館",
        "名称_カナ": null,
        "名称_英字": null,
        "名称_通称": null,
        "POIコード": null,
        "外部識別子": null,
        "外部識別子の値": null,
        "所在地_全国地方公共団体コード": 352039,
        "町字ID": 149000.0,
        "所在地_連結表記": "山口県山口市宮野上1222",
        "所在地_都道府県": "山口県",
        "所在地_市区町村": "山口市",
        "所在地_町字": "宮野上",
        "所在地_ｰ以下": "1222",
        "建物名等(方書)": null,
        "高度の種別": null,
        "高度の値": null,
        "電話番号": "(083)923-3351",
        "内線番号": null,
        "連絡先メールアドレス": null,
        "連絡先FormURL": null,
        "連絡先備考（その他、SNSなど）": null,
        "郵便番号": 7530001,
        "法人番号": null,
        "団体名": null,
        "利用可能曜日": "火水木金土日",
        "開始時間": "9:00",
        "終了時間": "19:00",
        "利用可能時間特記事項": "温泉利用時間は10:20-18:00(6月-8月は10:20ｰ19:00)、月(祝日の場合は翌日月曜日が祝祭日の際はその翌日以降の平日)、休日の翌日(休日の翌日が土・日は休日に当たる場合を除く)、年末年始(12月29日から1月3日)は休日",
        "説明": null,
        "車椅子可": null,
        "車椅子貸出": null,
        "ツエ貸出": null,
        "バリアフリートイレ": null,
        "スロープ、エレベータ、エスカレータ": null,
        "点字ブロック等の移動支援": null,
        "点字や読上による支援": null,
        "盲導犬・介助犬、聴導犬同伴": null,
        "字幕": null,
        "筆談対応": null,
        "優先駐車場": null,
        "オストメイト対応トイレ": null,
        "授乳室": null,
        "おむつ替えコーナー": null,
        "飲食可否": null,
        "ベビーカー貸出": null,
        "ベビーカー利用": null,
        "URL": "https://www.city.yamaguchi.lg.jp/map/7188.html",
        "画像": null,
        "画像_ライセンス": null,
        "備考": null
      }
    },
    {
      "type": "Feature",
      "geometry": {
        "type": "Point",
        "coordinates": [
          131.716327,
          34.143235
        ]
      },
      "properties": {
        "全国地方公共団体コード": 352039,
        "ID": "AD1304000046",
        "地方公共団体名": "山口県山口市",
        "name": "上村高齢者女性等活動促進センター",
        "名称_カナ": null,
        "名称_英字": null,
        "名称_通称": null,
        "POIコード": null,
        "外部識別子": null,
        "外部識別子の値": null,
        "所在地_全国地方公共団体コード": 352039,
        "町字ID": 110000.0,
        "所在地_連結表記": "山口県山口市徳地上村534ｰ1",
        "所在地_都道府県": "山口県",
        "所在地_市区町村": "山口市",
        "所在地_町字": "徳地上村",
        "所在地_ｰ以下": "534ｰ1",
        "建物名等(方書)": null,
        "高度の種別": null,
        "高度の値": null,
        "電話番号": null,
        "内線番号": null,
        "連絡先メールアドレス": null,
        "連絡先FormURL": null,
        "連絡先備考（その他、SNSなど）": null,
        "郵便番号": 7470523,
        "法人番号": null,
        "団体名": null,
        "利用可能曜日": "月火木金土日",
        "開始時間": "8:30",
        "終了時間": "22:00",
        "利用可能時間特記事項": "水(祝日の場合は翌日)は休日",
        "説明": null,
        "車椅子可": null,
        "車椅子貸出": null,
        "ツエ貸出": null,
        "バリアフリートイレ": null,
        "スロープ、エレベータ、エスカレータ": null,
        "点字ブロック等の移動支援": null,
        "点字や読上による支援": null,
        "盲導犬・介助犬、聴導犬同伴": null,
        "字幕": null,
        "筆談対応": null,
        "優先駐車場": null,
        "オストメイト対応トイレ": null,
        "授乳室": null,
        "おむつ替えコーナー": null,
        "飲食可否": null,
        "ベビーカー貸出": null,
        "ベビーカー利用": null,
        "URL": null,
        "画像": null,
        "画像_ライセンス": null,
        "備考": null
      }
    },
    {
      "type": "Feature",
      "geometry": {
        "type": "Point",
        "coordinates": [
          131.641383,
          34.177113
        ]
      },
      "properties": {
        "全国地方公共団体コード": 352039,
        "ID": "AD1304000047",
        "地方公共団体名": "山口県山口市",
        "name": "伊賀地高齢者女性等活動促進センター",
        "名称_カナ": null,
        "名称_英字": null,
        "名称_通称": null,
        "POIコード": null,
        "外部識別子": null,
        "外部識別子の値": null,
        "所在地_全国地方公共団体コード": 352039,
        "町字ID": 108000.0,
        "所在地_連結表記": "山口県山口市徳地伊賀地745ｰ1",
        "所在地_都道府県": "山口県",
        "所在地_市区町村": "山口市",
        "所在地_町字": "徳地伊賀地",
        "所在地_ｰ以下": "745ｰ1",
        "建物名等(方書)": null,
        "高度の種別": null,
        "高度の値": null,
        "電話番号": null,
        "内線番号": null,
        "連絡先メールアドレス": null,
        "連絡先FormURL": null,
        "連絡先備考（その他、SNSなど）": null,
        "郵便番号": 7470232,
        "法人番号": null,
        "団体名": null,
        "利用可能曜日": "月火木金土日",
        "開始時間": "8:30",
        "終了時間": "22:00",
        "利用可能時間特記事項": "水(祝日の場合は翌日)は休日",
        "説明": null,
        "車椅子可": null,
        "車椅子貸出": null,
        "ツエ貸出": null,
        "バリアフリートイレ": null,
        "スロープ、エレベータ、エスカレータ": null,
        "点字ブロック等の移動支援": null,
        "点字や読上による支援": null,
        "盲導犬・介助犬、聴導犬同伴": null,
        "字幕": null,
        "筆談対応": null,
        "優先駐車場": null,
        "オストメイト対応トイレ": null,
        "授乳室": null,
        "おむつ替えコーナー": null,
        "飲食可否": null,
        "ベビーカー貸出": null,
        "ベビーカー利用": null,
        "URL": null,
        "画像": null,
        "画像_ライセンス": null,
        "備考": null
      }
    },
    {
      "type": "Feature",
      "geometry": {
        "type": "Point",
        "coordinates": [
          131.722641,
          34.341908
        ]
      },
      "properties": {
        "全国地方公共団体コード": 352039,
        "ID": "AD1304000048",
        "地方公共団体名": "山口県山口市",
        "name": "柚野地域活性化センター",
        "名称_カナ": null,
        "名称_英字": null,
        "名称_通称": null,
        "POIコード": null,
        "外部識別子": null,
        "外部識別子の値": null,
        "所在地_全国地方公共団体コード": 352039,
        "町字ID": 124000.0,
        "所在地_連結表記": "山口県山口市徳地柚木2021",
        "所在地_都道府県": "山口県",
        "所在地_市区町村": "山口市",
        "所在地_町字": "徳地柚木",
        "所在地_ｰ以下": "2021",
        "建物名等(方書)": null,
        "高度の種別": null,
        "高度の値": null,
        "電話番号": "(0835)58-0288",
        "内線番号": null,
        "連絡先メールアドレス": null,
        "連絡先FormURL": null,
        "連絡先備考（その他、SNSなど）": null,
        "郵便番号": 7470402,
        "法人番号": null,
        "団体名": null,
        "利用可能曜日": "月火木金土日",
        "開始時間": "8:30",
        "終了時間": "22:00",
        "利用可能時間特記事項": "水(祝日の場合は翌日)は休日",
        "説明": null,
        "車椅子可": null,
        "車椅子貸出": null,
        "ツエ貸出": null,
        "バリアフリートイレ": null,
        "スロープ、エレベータ、エスカレータ": null,
        "点字ブロック等の移動支援": null,
        "点字や読上による支援": null,
        "盲導犬・介助犬、聴導犬同伴": null,
        "字幕": null,
        "筆談対応": null,
        "優先駐車場": null,
        "オストメイト対応トイレ": null,
        "授乳室": null,
        "おむつ替えコーナー": null,
        "飲食可否": null,
        "ベビーカー貸出": null,
        "ベビーカー利用": null,
        "URL": null,
        "画像": null,
        "画像_ライセンス": null,
        "備考": null
      }
    },
    {
      "type": "Feature",
      "geometry": {
        "type": "Point",
        "coordinates": [
          131.433077,
          34.147299
        ]
      },
      "properties": {
        "全国地方公共団体コード": 352039,
        "ID": "AD1304000049",
        "地方公共団体名": "山口県山口市",
        "name": "大歳地域交流ステーション",
        "名称_カナ": null,
        "名称_英字": null,
        "名称_通称": null,
        "POIコード": null,
        "外部識別子": null,
        "外部識別子の値": null,
        "所在地_全国地方公共団体コード": 352039,
        "町字ID": 8000.0,
        "所在地_連結表記": "山口県山口市朝田751ｰ2",
        "所在地_都道府県": "山口県",
        "所在地_市区町村": "山口市",
        "所在地_町字": "朝田",
        "所在地_ｰ以下": "751ｰ2",
        "建物名等(方書)": null,
        "高度の種別": null,
        "高度の値": null,
        "電話番号": "(083)922-6860",
        "内線番号": null,
        "連絡先メールアドレス": null,
        "連絡先FormURL": null,
        "連絡先備考（その他、SNSなど）": null,
        "郵便番号": 7530871,
        "法人番号": null,
        "団体名": null,
        "利用可能曜日": "火水木金土日",
        "開始時間": "8:30",
        "終了時間": "22:00",
        "利用可能時間特記事項": "月(祝日の場合は翌日)、年末年始(12月29日から1月3日)は休日",
        "説明": null,
        "車椅子可": null,
        "車椅子貸出": null,
        "ツエ貸出": null,
        "バリアフリートイレ": null,
        "スロープ、エレベータ、エスカレータ": null,
        "点字ブロック等の移動支援": null,
        "点字や読上による支援": null,
        "盲導犬・介助犬、聴導犬同伴": null,
        "字幕": null,
        "筆談対応": null,
        "優先駐車場": null,
        "オストメイト対応トイレ": null,
        "授乳室": null,
        "おむつ替えコーナー": null,
        "飲食可否": null,
        "ベビーカー貸出": null,
        "ベビーカー利用": null,
        "URL": null,
        "画像": null,
        "画像_ライセンス": null,
        "備考": null
      }
    },
    {
      "type": "Feature",
      "geometry": {
        "type": "Point",
        "coordinates": [
          131.621586,
          34.338272
        ]
      },
      "properties": {
        "全国地方公共団体コード": 352039,
        "ID": "AD1304000050",
        "地方公共団体名": "山口県山口市",
        "name": "山口市阿東三谷ふれあいセンター",
        "名称_カナ": null,
        "名称_英字": null,
        "名称_通称": null,
        "POIコード": null,
        "外部識別子": null,
        "外部識別子の値": null,
        "所在地_全国地方公共団体コード": 352039,
        "町字ID": 13000.0,
        "所在地_連結表記": "山口県山口市阿東生雲東分1221",
        "所在地_都道府県": "山口県",
        "所在地_市区町村": "山口市",
        "所在地_町字": "阿東生雲東分",
        "所在地_ｰ以下": "1221",
        "建物名等(方書)": null,
        "高度の種別": null,
        "高度の値": null,
        "電話番号": "(083)956-0116",
        "内線番号": null,
        "連絡先メールアドレス": null,
        "連絡先FormURL": null,
        "連絡先備考（その他、SNSなど）": null,
        "郵便番号": 7591231,
        "法人番号": null,
        "団体名": null,
        "利用可能曜日": "月火水木金土日",
        "開始時間": "8:30",
        "終了時間": "22:00",
        "利用可能時間特記事項": "運動場利用時間は8:30-20:00。年末年始(12月29日から1月3日)は休日",
        "説明": null,
        "車椅子可": null,
        "車椅子貸出": null,
        "ツエ貸出": null,
        "バリアフリートイレ": null,
        "スロープ、エレベータ、エスカレータ": null,
        "点字ブロック等の移動支援": null,
        "点字や読上による支援": null,
        "盲導犬・介助犬、聴導犬同伴": null,
        "字幕": null,
        "筆談対応": null,
        "優先駐車場": null,
        "オストメイト対応トイレ": null,
        "授乳室": null,
        "おむつ替えコーナー": null,
        "飲食可否": null,
        "ベビーカー貸出": null,
        "ベビーカー利用": null,
        "URL": "https://www.city.yamaguchi.lg.jp/map/7190.html",
        "画像": null,
        "画像_ライセンス": null,
        "備考": null
      }
    },
    {
      "type": "Feature",
      "geometry": {
        "type": "Point",
        "coordinates": [
          131.402776,
          34.092003
        ]
      },
      "properties": {
        "全国地方公共団体コード": 352039,
        "ID": "AD1304000051",
        "地方公共団体名": "山口県山口市",
        "name": "小郡南集会所",
        "名称_カナ": null,
        "名称_英字": null,
        "名称_通称": null,
        "POIコード": null,
        "外部識別子": null,
        "外部識別子の値": null,
        "所在地_全国地方公共団体コード": 352039,
        "町字ID": 61000.0,
        "所在地_連結表記": "山口県山口市小郡緑町2ｰ27",
        "所在地_都道府県": "山口県",
        "所在地_市区町村": "山口市",
        "所在地_町字": "小郡緑町",
        "所在地_ｰ以下": "2ｰ27",
        "建物名等(方書)": null,
        "高度の種別": null,
        "高度の値": null,
        "電話番号": null,
        "内線番号": null,
        "連絡先メールアドレス": null,
        "連絡先FormURL": null,
        "連絡先備考（その他、SNSなど）": null,
        "郵便番号": 7540013,
        "法人番号": null,
        "団体名": null,
        "利用可能曜日": null,
        "開始時間": "8:30",
        "終了時間": "22:00",
        "利用可能時間特記事項": null,
        "説明": null,
        "車椅子可": null,
        "車椅子貸出": null,
        "ツエ貸出": null,
        "バリアフリートイレ": null,
        "スロープ、エレベータ、エスカレータ": null,
        "点字ブロック等の移動支援": null,
        "点字や読上による支援": null,
        "盲導犬・介助犬、聴導犬同伴": null,
        "字幕": null,
        "筆談対応": null,
        "優先駐車場": null,
        "オストメイト対応トイレ": null,
        "授乳室": null,
        "おむつ替えコーナー": null,
        "飲食可否": null,
        "ベビーカー貸出": null,
        "ベビーカー利用": null,
        "URL": null,
        "画像": null,
        "画像_ライセンス": null,
        "備考": null
      }
    },
    {
      "type": "Feature",
      "geometry": {
        "type": "Point",
        "coordinates": [
          131.394203,
          34.096932
        ]
      },
      "properties": {
        "全国地方公共団体コード": 352039,
        "ID": "AD1304000052",
        "地方公共団体名": "山口県山口市",
        "name": "小郡集会所",
        "名称_カナ": null,
        "名称_英字": null,
        "名称_通称": null,
        "POIコード": null,
        "外部識別子": null,
        "外部識別子の値": null,
        "所在地_全国地方公共団体コード": 352039,
        "町字ID": null,
        "所在地_連結表記": "山口県山口市小郡明治一丁目5-17",
        "所在地_都道府県": "山口県",
        "所在地_市区町村": "山口市",
        "所在地_町字": "小郡明治一丁目",
        "所在地_ｰ以下": "5ｰ17",
        "建物名等(方書)": null,
        "高度の種別": null,
        "高度の値": null,
        "電話番号": null,
        "内線番号": null,
        "連絡先メールアドレス": null,
        "連絡先FormURL": null,
        "連絡先備考（その他、SNSなど）": null,
        "郵便番号": 7540043,
        "法人番号": null,
        "団体名": null,
        "利用可能曜日": null,
        "開始時間": "8:30",
        "終了時間": "22:00",
        "利用可能時間特記事項": null,
        "説明": null,
        "車椅子可": null,
        "車椅子貸出": null,
        "ツエ貸出": null,
        "バリアフリートイレ": null,
        "スロープ、エレベータ、エスカレータ": null,
        "点字ブロック等の移動支援": null,
        "点字や読上による支援": null,
        "盲導犬・介助犬、聴導犬同伴": null,
        "字幕": null,
        "筆談対応": null,
        "優先駐車場": null,
        "オストメイト対応トイレ": null,
        "授乳室": null,
        "おむつ替えコーナー": null,
        "飲食可否": null,
        "ベビーカー貸出": null,
        "ベビーカー利用": null,
        "URL": "https://www.city.yamaguchi.lg.jp/map/7191.html",
        "画像": null,
        "画像_ライセンス": null,
        "備考": null
      }
    },
    {
      "type": "Feature",
      "geometry": {
        "type": "Point",
        "coordinates": [
          131.359823,
          34.00831
        ]
      },
      "properties": {
        "全国地方公共団体コード": 352039,
        "ID": "AD1304000053",
        "地方公共団体名": "山口県山口市",
        "name": "山口市中村公民館",
        "名称_カナ": null,
        "名称_英字": null,
        "名称_通称": null,
        "POIコード": null,
        "外部識別子": null,
        "外部識別子の値": null,
        "所在地_全国地方公共団体コード": 352039,
        "町字ID": 10000.0,
        "所在地_連結表記": "山口県山口市阿知須4226",
        "所在地_都道府県": "山口県",
        "所在地_市区町村": "山口市",
        "所在地_町字": "阿知須",
        "所在地_ｰ以下": "4226",
        "建物名等(方書)": null,
        "高度の種別": null,
        "高度の値": null,
        "電話番号": null,
        "内線番号": null,
        "連絡先メールアドレス": null,
        "連絡先FormURL": null,
        "連絡先備考（その他、SNSなど）": null,
        "郵便番号": 7541277,
        "法人番号": null,
        "団体名": null,
        "利用可能曜日": null,
        "開始時間": null,
        "終了時間": null,
        "利用可能時間特記事項": null,
        "説明": null,
        "車椅子可": null,
        "車椅子貸出": null,
        "ツエ貸出": null,
        "バリアフリートイレ": null,
        "スロープ、エレベータ、エスカレータ": null,
        "点字ブロック等の移動支援": null,
        "点字や読上による支援": null,
        "盲導犬・介助犬、聴導犬同伴": null,
        "字幕": null,
        "筆談対応": null,
        "優先駐車場": null,
        "オストメイト対応トイレ": null,
        "授乳室": null,
        "おむつ替えコーナー": null,
        "飲食可否": null,
        "ベビーカー貸出": null,
        "ベビーカー利用": null,
        "URL": null,
        "画像": null,
        "画像_ライセンス": null,
        "備考": null
      }
    },
    {
      "type": "Feature",
      "geometry": {
        "type": "Point",
        "coordinates": [
          131.360853,
          34.009284
        ]
      },
      "properties": {
        "全国地方公共団体コード": 352039,
        "ID": "AD1304000054",
        "地方公共団体名": "山口県山口市",
        "name": "山口市西条公民館",
        "名称_カナ": null,
        "名称_英字": null,
        "名称_通称": null,
        "POIコード": null,
        "外部識別子": null,
        "外部識別子の値": null,
        "所在地_全国地方公共団体コード": 352039,
        "町字ID": 10000.0,
        "所在地_連結表記": "山口県山口市阿知須3258ｰ9",
        "所在地_都道府県": "山口県",
        "所在地_市区町村": "山口市",
        "所在地_町字": "阿知須",
        "所在地_ｰ以下": "3258ｰ9",
        "建物名等(方書)": null,
        "高度の種別": null,
        "高度の値": null,
        "電話番号": null,
        "内線番号": null,
        "連絡先メールアドレス": null,
        "連絡先FormURL": null,
        "連絡先備考（その他、SNSなど）": null,
        "郵便番号": 7541277,
        "法人番号": null,
        "団体名": null,
        "利用可能曜日": null,
        "開始時間": null,
        "終了時間": null,
        "利用可能時間特記事項": null,
        "説明": null,
        "車椅子可": null,
        "車椅子貸出": null,
        "ツエ貸出": null,
        "バリアフリートイレ": null,
        "スロープ、エレベータ、エスカレータ": null,
        "点字ブロック等の移動支援": null,
        "点字や読上による支援": null,
        "盲導犬・介助犬、聴導犬同伴": null,
        "字幕": null,
        "筆談対応": null,
        "優先駐車場": null,
        "オストメイト対応トイレ": null,
        "授乳室": null,
        "おむつ替えコーナー": null,
        "飲食可否": null,
        "ベビーカー貸出": null,
        "ベビーカー利用": null,
        "URL": null,
        "画像": null,
        "画像_ライセンス": null,
        "備考": null
      }
    },
    {
      "type": "Feature",
      "geometry": {
        "type": "Point",
        "coordinates": [
          131.687101,
          34.156279
        ]
      },
      "properties": {
        "全国地方公共団体コード": 352039,
        "ID": "AD1304000055",
        "地方公共団体名": "山口県山口市",
        "name": "山口市藤木老人憩の家",
        "名称_カナ": null,
        "名称_英字": null,
        "名称_通称": null,
        "POIコード": null,
        "外部識別子": null,
        "外部識別子の値": null,
        "所在地_全国地方公共団体コード": 352039,
        "町字ID": 118000.0,
        "所在地_連結表記": "山口県山口市徳地藤木142ｰ2",
        "所在地_都道府県": "山口県",
        "所在地_市区町村": "山口市",
        "所在地_町字": "徳地藤木",
        "所在地_ｰ以下": "142ｰ2",
        "建物名等(方書)": null,
        "高度の種別": null,
        "高度の値": null,
        "電話番号": null,
        "内線番号": null,
        "連絡先メールアドレス": null,
        "連絡先FormURL": null,
        "連絡先備考（その他、SNSなど）": null,
        "郵便番号": 7470524,
        "法人番号": null,
        "団体名": null,
        "利用可能曜日": null,
        "開始時間": null,
        "終了時間": null,
        "利用可能時間特記事項": null,
        "説明": null,
        "車椅子可": null,
        "車椅子貸出": null,
        "ツエ貸出": null,
        "バリアフリートイレ": null,
        "スロープ、エレベータ、エスカレータ": null,
        "点字ブロック等の移動支援": null,
        "点字や読上による支援": null,
        "盲導犬・介助犬、聴導犬同伴": null,
        "字幕": null,
        "筆談対応": null,
        "優先駐車場": null,
        "オストメイト対応トイレ": null,
        "授乳室": null,
        "おむつ替えコーナー": null,
        "飲食可否": null,
        "ベビーカー貸出": null,
        "ベビーカー利用": null,
        "URL": null,
        "画像": null,
        "画像_ライセンス": null,
        "備考": null
      }
    },
    {
      "type": "Feature",
      "geometry": {
        "type": "Point",
        "coordinates": [
          131.720599,
          34.189817
        ]
      },
      "properties": {
        "全国地方公共団体コード": 352039,
        "ID": "AD1304000056",
        "地方公共団体名": "山口県山口市",
        "name": "山口市串生活改善センター",
        "名称_カナ": null,
        "名称_英字": null,
        "名称_通称": null,
        "POIコード": null,
        "外部識別子": null,
        "外部識別子の値": null,
        "所在地_全国地方公共団体コード": 352039,
        "町字ID": 112000.0,
        "所在地_連結表記": "山口県山口市徳地串660ｰ1",
        "所在地_都道府県": "山口県",
        "所在地_市区町村": "山口市",
        "所在地_町字": "徳地串",
        "所在地_ｰ以下": "660ｰ1",
        "建物名等(方書)": null,
        "高度の種別": null,
        "高度の値": null,
        "電話番号": null,
        "内線番号": null,
        "連絡先メールアドレス": null,
        "連絡先FormURL": null,
        "連絡先備考（その他、SNSなど）": null,
        "郵便番号": 7470612,
        "法人番号": null,
        "団体名": null,
        "利用可能曜日": null,
        "開始時間": null,
        "終了時間": null,
        "利用可能時間特記事項": null,
        "説明": null,
        "車椅子可": null,
        "車椅子貸出": null,
        "ツエ貸出": null,
        "バリアフリートイレ": null,
        "スロープ、エレベータ、エスカレータ": null,
        "点字ブロック等の移動支援": null,
        "点字や読上による支援": null,
        "盲導犬・介助犬、聴導犬同伴": null,
        "字幕": null,
        "筆談対応": null,
        "優先駐車場": null,
        "オストメイト対応トイレ": null,
        "授乳室": null,
        "おむつ替えコーナー": null,
        "飲食可否": null,
        "ベビーカー貸出": null,
        "ベビーカー利用": null,
        "URL": null,
        "画像": null,
        "画像_ライセンス": null,
        "備考": null
      }
    },
    {
      "type": "Feature",
      "geometry": {
        "type": "Point",
        "coordinates": [
          131.731282,
          34.344888
        ]
      },
      "properties": {
        "全国地方公共団体コード": 352039,
        "ID": "AD1304000057",
        "地方公共団体名": "山口県山口市",
        "name": "山口市柚木生活改善センター",
        "名称_カナ": null,
        "名称_英字": null,
        "名称_通称": null,
        "POIコード": null,
        "外部識別子": null,
        "外部識別子の値": null,
        "所在地_全国地方公共団体コード": 352039,
        "町字ID": 124000.0,
        "所在地_連結表記": "山口県山口市徳地柚木2498",
        "所在地_都道府県": "山口県",
        "所在地_市区町村": "山口市",
        "所在地_町字": "徳地柚木",
        "所在地_ｰ以下": "2498",
        "建物名等(方書)": null,
        "高度の種別": null,
        "高度の値": null,
        "電話番号": null,
        "内線番号": null,
        "連絡先メールアドレス": null,
        "連絡先FormURL": null,
        "連絡先備考（その他、SNSなど）": null,
        "郵便番号": 7470402,
        "法人番号": null,
        "団体名": null,
        "利用可能曜日": null,
        "開始時間": null,
        "終了時間": null,
        "利用可能時間特記事項": null,
        "説明": null,
        "車椅子可": null,
        "車椅子貸出": null,
        "ツエ貸出": null,
        "バリアフリートイレ": null,
        "スロープ、エレベータ、エスカレータ": null,
        "点字ブロック等の移動支援": null,
        "点字や読上による支援": null,
        "盲導犬・介助犬、聴導犬同伴": null,
        "字幕": null,
        "筆談対応": null,
        "優先駐車場": null,
        "オストメイト対応トイレ": null,
        "授乳室": null,
        "おむつ替えコーナー": null,
        "飲食可否": null,
        "ベビーカー貸出": null,
        "ベビーカー利用": null,
        "URL": null,
        "画像": null,
        "画像_ライセンス": null,
        "備考": null
      }
    },
    {
      "type": "Feature",
      "geometry": {
        "type": "Point",
        "coordinates": [
          131.65003,
          34.186604
        ]
      },
      "properties": {
        "全国地方公共団体コード": 352039,
        "ID": "AD1304000058",
        "地方公共団体名": "山口県山口市",
        "name": "山口市庄方老人憩の家",
        "名称_カナ": null,
        "名称_英字": null,
        "名称_通称": null,
        "POIコード": null,
        "外部識別子": null,
        "外部識別子の値": null,
        "所在地_全国地方公共団体コード": 352039,
        "町字ID": 120000.0,
        "所在地_連結表記": "山口県山口市徳地堀2949ｰ2",
        "所在地_都道府県": "山口県",
        "所在地_市区町村": "山口市",
        "所在地_町字": "徳地堀",
        "所在地_ｰ以下": "2949ｰ2",
        "建物名等(方書)": null,
        "高度の種別": null,
        "高度の値": null,
        "電話番号": null,
        "内線番号": null,
        "連絡先メールアドレス": null,
        "連絡先FormURL": null,
        "連絡先備考（その他、SNSなど）": null,
        "郵便番号": 7470231,
        "法人番号": null,
        "団体名": null,
        "利用可能曜日": null,
        "開始時間": null,
        "終了時間": null,
        "利用可能時間特記事項": null,
        "説明": null,
        "車椅子可": null,
        "車椅子貸出": null,
        "ツエ貸出": null,
        "バリアフリートイレ": null,
        "スロープ、エレベータ、エスカレータ": null,
        "点字ブロック等の移動支援": null,
        "点字や読上による支援": null,
        "盲導犬・介助犬、聴導犬同伴": null,
        "字幕": null,
        "筆談対応": null,
        "優先駐車場": null,
        "オストメイト対応トイレ": null,
        "授乳室": null,
        "おむつ替えコーナー": null,
        "飲食可否": null,
        "ベビーカー貸出": null,
        "ベビーカー利用": null,
        "URL": null,
        "画像": null,
        "画像_ライセンス": null,
        "備考": null
      }
    },
    {
      "type": "Feature",
      "geometry": {
        "type": "Point",
        "coordinates": [
          131.651682,
          34.246288
        ]
      },
      "properties": {
        "全国地方公共団体コード": 352039,
        "ID": "AD1304000059",
        "地方公共団体名": "山口県山口市",
        "name": "山口市船路生活改善センター",
        "名称_カナ": null,
        "名称_英字": null,
        "名称_通称": null,
        "POIコード": null,
        "外部識別子": null,
        "外部識別子の値": null,
        "所在地_全国地方公共団体コード": 352039,
        "町字ID": 119000.0,
        "所在地_連結表記": "山口県山口市徳地船路477ｰ6",
        "所在地_都道府県": "山口県",
        "所在地_市区町村": "山口市",
        "所在地_町字": "徳地船路",
        "所在地_ｰ以下": "477ｰ6",
        "建物名等(方書)": null,
        "高度の種別": null,
        "高度の値": null,
        "電話番号": null,
        "内線番号": null,
        "連絡先メールアドレス": null,
        "連絡先FormURL": null,
        "連絡先備考（その他、SNSなど）": null,
        "郵便番号": 7470342,
        "法人番号": null,
        "団体名": null,
        "利用可能曜日": null,
        "開始時間": null,
        "終了時間": null,
        "利用可能時間特記事項": null,
        "説明": null,
        "車椅子可": null,
        "車椅子貸出": null,
        "ツエ貸出": null,
        "バリアフリートイレ": null,
        "スロープ、エレベータ、エスカレータ": null,
        "点字ブロック等の移動支援": null,
        "点字や読上による支援": null,
        "盲導犬・介助犬、聴導犬同伴": null,
        "字幕": null,
        "筆談対応": null,
        "優先駐車場": null,
        "オストメイト対応トイレ": null,
        "授乳室": null,
        "おむつ替えコーナー": null,
        "飲食可否": null,
        "ベビーカー貸出": null,
        "ベビーカー利用": null,
        "URL": null,
        "画像": null,
        "画像_ライセンス": null,
        "備考": null
      }
    },
    {
      "type": "Feature",
      "geometry": {
        "type": "Point",
        "coordinates": [
          131.661756,
          34.23615
        ]
      },
      "properties": {
        "全国地方公共団体コード": 352039,
        "ID": "AD1304000060",
        "地方公共団体名": "山口県山口市",
        "name": "山口市八坂生活改善センター",
        "名称_カナ": null,
        "名称_英字": null,
        "名称_通称": null,
        "POIコード": null,
        "外部識別子": null,
        "外部識別子の値": null,
        "所在地_全国地方公共団体コード": 352039,
        "町字ID": 122000.0,
        "所在地_連結表記": "山口県山口市徳地八坂1118ｰ4",
        "所在地_都道府県": "山口県",
        "所在地_市区町村": "山口市",
        "所在地_町字": "徳地八坂",
        "所在地_ｰ以下": "1118ｰ4",
        "建物名等(方書)": null,
        "高度の種別": null,
        "高度の値": null,
        "電話番号": null,
        "内線番号": null,
        "連絡先メールアドレス": null,
        "連絡先FormURL": null,
        "連絡先備考（その他、SNSなど）": null,
        "郵便番号": 7470344,
        "法人番号": null,
        "団体名": null,
        "利用可能曜日": null,
        "開始時間": null,
        "終了時間": null,
        "利用可能時間特記事項": null,
        "説明": null,
        "車椅子可": null,
        "車椅子貸出": null,
        "ツエ貸出": null,
        "バリアフリートイレ": null,
        "スロープ、エレベータ、エスカレータ": null,
        "点字ブロック等の移動支援": null,
        "点字や読上による支援": null,
        "盲導犬・介助犬、聴導犬同伴": null,
        "字幕": null,
        "筆談対応": null,
        "優先駐車場": null,
        "オストメイト対応トイレ": null,
        "授乳室": null,
        "おむつ替えコーナー": null,
        "飲食可否": null,
        "ベビーカー貸出": null,
        "ベビーカー利用": null,
        "URL": null,
        "画像": null,
        "画像_ライセンス": null,
        "備考": null
      }
    },
    {
      "type": "Feature",
      "geometry": {
        "type": "Point",
        "coordinates": [
          131.680915,
          34.214873
        ]
      },
      "properties": {
        "全国地方公共団体コード": 352039,
        "ID": "AD1304000061",
        "地方公共団体名": "山口県山口市",
        "name": "山口市深谷集会所",
        "名称_カナ": null,
        "名称_英字": null,
        "名称_通称": null,
        "POIコード": null,
        "外部識別子": null,
        "外部識別子の値": null,
        "所在地_全国地方公共団体コード": 352039,
        "町字ID": 117000.0,
        "所在地_連結表記": "山口県山口市徳地深谷167ｰ2",
        "所在地_都道府県": "山口県",
        "所在地_市区町村": "山口市",
        "所在地_町字": "徳地深谷",
        "所在地_ｰ以下": "167ｰ2",
        "建物名等(方書)": null,
        "高度の種別": null,
        "高度の値": null,
        "電話番号": null,
        "内線番号": null,
        "連絡先メールアドレス": null,
        "連絡先FormURL": null,
        "連絡先備考（その他、SNSなど）": null,
        "郵便番号": 7470235,
        "法人番号": null,
        "団体名": null,
        "利用可能曜日": null,
        "開始時間": null,
        "終了時間": null,
        "利用可能時間特記事項": null,
        "説明": null,
        "車椅子可": null,
        "車椅子貸出": null,
        "ツエ貸出": null,
        "バリアフリートイレ": null,
        "スロープ、エレベータ、エスカレータ": null,
        "点字ブロック等の移動支援": null,
        "点字や読上による支援": null,
        "盲導犬・介助犬、聴導犬同伴": null,
        "字幕": null,
        "筆談対応": null,
        "優先駐車場": null,
        "オストメイト対応トイレ": null,
        "授乳室": null,
        "おむつ替えコーナー": null,
        "飲食可否": null,
        "ベビーカー貸出": null,
        "ベビーカー利用": null,
        "URL": null,
        "画像": null,
        "画像_ライセンス": null,
        "備考": null
      }
    },
    {
      "type": "Feature",
      "geometry": {
        "type": "Point",
        "coordinates": [
          131.662955,
          34.198383
        ]
      },
      "properties": {
        "全国地方公共団体コード": 352039,
        "ID": "AD1304000062",
        "地方公共団体名": "山口県山口市",
        "name": "山口市才谷集会所",
        "名称_カナ": null,
        "名称_英字": null,
        "名称_通称": null,
        "POIコード": null,
        "外部識別子": null,
        "外部識別子の値": null,
        "所在地_全国地方公共団体コード": 352039,
        "町字ID": 120000.0,
        "所在地_連結表記": "山口県山口市徳地堀3375ｰ3",
        "所在地_都道府県": "山口県",
        "所在地_市区町村": "山口市",
        "所在地_町字": "徳地堀",
        "所在地_ｰ以下": "3375ｰ3",
        "建物名等(方書)": null,
        "高度の種別": null,
        "高度の値": null,
        "電話番号": null,
        "内線番号": null,
        "連絡先メールアドレス": null,
        "連絡先FormURL": null,
        "連絡先備考（その他、SNSなど）": null,
        "郵便番号": 7470231,
        "法人番号": null,
        "団体名": null,
        "利用可能曜日": null,
        "開始時間": null,
        "終了時間": null,
        "利用可能時間特記事項": null,
        "説明": null,
        "車椅子可": null,
        "車椅子貸出": null,
        "ツエ貸出": null,
        "バリアフリートイレ": null,
        "スロープ、エレベータ、エスカレータ": null,
        "点字ブロック等の移動支援": null,
        "点字や読上による支援": null,
        "盲導犬・介助犬、聴導犬同伴": null,
        "字幕": null,
        "筆談対応": null,
        "優先駐車場": null,
        "オストメイト対応トイレ": null,
        "授乳室": null,
        "おむつ替えコーナー": null,
        "飲食可否": null,
        "ベビーカー貸出": null,
        "ベビーカー利用": null,
        "URL": null,
        "画像": null,
        "画像_ライセンス": null,
        "備考": null
      }
    },
    {
      "type": "Feature",
      "geometry": {
        "type": "Point",
        "coordinates": [
          131.747659,
          34.195445
        ]
      },
      "properties": {
        "全国地方公共団体コード": 352039,
        "ID": "AD1304000063",
        "地方公共団体名": "山口県山口市",
        "name": "山口市上角集会所",
        "名称_カナ": null,
        "名称_英字": null,
        "名称_通称": null,
        "POIコード": null,
        "外部識別子": null,
        "外部識別子の値": null,
        "所在地_全国地方公共団体コード": 352039,
        "町字ID": 113000.0,
        "所在地_連結表記": "山口県山口市徳地鯖河内560ｰ3",
        "所在地_都道府県": "山口県",
        "所在地_市区町村": "山口市",
        "所在地_町字": "徳地鯖河内",
        "所在地_ｰ以下": "560ｰ3",
        "建物名等(方書)": null,
        "高度の種別": null,
        "高度の値": null,
        "電話番号": null,
        "内線番号": null,
        "連絡先メールアドレス": null,
        "連絡先FormURL": null,
        "連絡先備考（その他、SNSなど）": null,
        "郵便番号": 7470611,
        "法人番号": null,
        "団体名": null,
        "利用可能曜日": null,
        "開始時間": null,
        "終了時間": null,
        "利用可能時間特記事項": null,
        "説明": null,
        "車椅子可": null,
        "車椅子貸出": null,
        "ツエ貸出": null,
        "バリアフリートイレ": null,
        "スロープ、エレベータ、エスカレータ": null,
        "点字ブロック等の移動支援": null,
        "点字や読上による支援": null,
        "盲導犬・介助犬、聴導犬同伴": null,
        "字幕": null,
        "筆談対応": null,
        "優先駐車場": null,
        "オストメイト対応トイレ": null,
        "授乳室": null,
        "おむつ替えコーナー": null,
        "飲食可否": null,
        "ベビーカー貸出": null,
        "ベビーカー利用": null,
        "URL": null,
        "画像": null,
        "画像_ライセンス": null,
        "備考": null
      }
    },
    {
      "type": "Feature",
      "geometry": {
        "type": "Point",
        "coordinates": [
          131.656134,
          34.265881
        ]
      },
      "properties": {
        "全国地方公共団体コード": 352039,
        "ID": "AD1304000064",
        "地方公共団体名": "山口県山口市",
        "name": "山口市屋敷集会所",
        "名称_カナ": null,
        "名称_英字": null,
        "名称_通称": null,
        "POIコード": null,
        "外部識別子": null,
        "外部識別子の値": null,
        "所在地_全国地方公共団体コード": 352039,
        "町字ID": 119000.0,
        "所在地_連結表記": "山口県山口市徳地船路3218ｰ2",
        "所在地_都道府県": "山口県",
        "所在地_市区町村": "山口市",
        "所在地_町字": "徳地船路",
        "所在地_ｰ以下": "3218ｰ2",
        "建物名等(方書)": null,
        "高度の種別": null,
        "高度の値": null,
        "電話番号": null,
        "内線番号": null,
        "連絡先メールアドレス": null,
        "連絡先FormURL": null,
        "連絡先備考（その他、SNSなど）": null,
        "郵便番号": 7470342,
        "法人番号": null,
        "団体名": null,
        "利用可能曜日": null,
        "開始時間": null,
        "終了時間": null,
        "利用可能時間特記事項": null,
        "説明": null,
        "車椅子可": null,
        "車椅子貸出": null,
        "ツエ貸出": null,
        "バリアフリートイレ": null,
        "スロープ、エレベータ、エスカレータ": null,
        "点字ブロック等の移動支援": null,
        "点字や読上による支援": null,
        "盲導犬・介助犬、聴導犬同伴": null,
        "字幕": null,
        "筆談対応": null,
        "優先駐車場": null,
        "オストメイト対応トイレ": null,
        "授乳室": null,
        "おむつ替えコーナー": null,
        "飲食可否": null,
        "ベビーカー貸出": null,
        "ベビーカー利用": null,
        "URL": null,
        "画像": null,
        "画像_ライセンス": null,
        "備考": null
      }
    },
    {
      "type": "Feature",
      "geometry": {
        "type": "Point",
        "coordinates": [
          131.665895,
          34.222183
        ]
      },
      "properties": {
        "全国地方公共団体コード": 352039,
        "ID": "AD1304000065",
        "地方公共団体名": "山口県山口市",
        "name": "山口市下八坂老人憩の家",
        "名称_カナ": null,
        "名称_英字": null,
        "名称_通称": null,
        "POIコード": null,
        "外部識別子": null,
        "外部識別子の値": null,
        "所在地_全国地方公共団体コード": 352039,
        "町字ID": 122000.0,
        "所在地_連結表記": "山口県山口市徳地八坂453",
        "所在地_都道府県": "山口県",
        "所在地_市区町村": "山口市",
        "所在地_町字": "徳地八坂",
        "所在地_ｰ以下": "453",
        "建物名等(方書)": null,
        "高度の種別": null,
        "高度の値": null,
        "電話番号": null,
        "内線番号": null,
        "連絡先メールアドレス": null,
        "連絡先FormURL": null,
        "連絡先備考（その他、SNSなど）": null,
        "郵便番号": 7470344,
        "法人番号": null,
        "団体名": null,
        "利用可能曜日": null,
        "開始時間": null,
        "終了時間": null,
        "利用可能時間特記事項": null,
        "説明": null,
        "車椅子可": null,
        "車椅子貸出": null,
        "ツエ貸出": null,
        "バリアフリートイレ": null,
        "スロープ、エレベータ、エスカレータ": null,
        "点字ブロック等の移動支援": null,
        "点字や読上による支援": null,
        "盲導犬・介助犬、聴導犬同伴": null,
        "字幕": null,
        "筆談対応": null,
        "優先駐車場": null,
        "オストメイト対応トイレ": null,
        "授乳室": null,
        "おむつ替えコーナー": null,
        "飲食可否": null,
        "ベビーカー貸出": null,
        "ベビーカー利用": null,
        "URL": null,
        "画像": null,
        "画像_ライセンス": null,
        "備考": null
      }
    },
    {
      "type": "Feature",
      "geometry": {
        "type": "Point",
        "coordinates": [
          131.690652,
          34.165197
        ]
      },
      "properties": {
        "全国地方公共団体コード": 352039,
        "ID": "AD1304000066",
        "地方公共団体名": "山口県山口市",
        "name": "山口市下津屋地区多目的集会所",
        "名称_カナ": null,
        "名称_英字": null,
        "名称_通称": null,
        "POIコード": null,
        "外部識別子": null,
        "外部識別子の値": null,
        "所在地_全国地方公共団体コード": 352039,
        "町字ID": 114000.0,
        "所在地_連結表記": "山口県山口市徳地島地1398ｰ1",
        "所在地_都道府県": "山口県",
        "所在地_市区町村": "山口市",
        "所在地_町字": "徳地島地",
        "所在地_ｰ以下": "1398ｰ1",
        "建物名等(方書)": null,
        "高度の種別": null,
        "高度の値": null,
        "電話番号": null,
        "内線番号": null,
        "連絡先メールアドレス": null,
        "連絡先FormURL": null,
        "連絡先備考（その他、SNSなど）": null,
        "郵便番号": 7470522,
        "法人番号": null,
        "団体名": null,
        "利用可能曜日": null,
        "開始時間": null,
        "終了時間": null,
        "利用可能時間特記事項": null,
        "説明": null,
        "車椅子可": null,
        "車椅子貸出": null,
        "ツエ貸出": null,
        "バリアフリートイレ": null,
        "スロープ、エレベータ、エスカレータ": null,
        "点字ブロック等の移動支援": null,
        "点字や読上による支援": null,
        "盲導犬・介助犬、聴導犬同伴": null,
        "字幕": null,
        "筆談対応": null,
        "優先駐車場": null,
        "オストメイト対応トイレ": null,
        "授乳室": null,
        "おむつ替えコーナー": null,
        "飲食可否": null,
        "ベビーカー貸出": null,
        "ベビーカー利用": null,
        "URL": null,
        "画像": null,
        "画像_ライセンス": null,
        "備考": null
      }
    },
    {
      "type": "Feature",
      "geometry": {
        "type": "Point",
        "coordinates": [
          131.653433,
          34.19293
        ]
      },
      "properties": {
        "全国地方公共団体コード": 352039,
        "ID": "AD1304000067",
        "地方公共団体名": "山口県山口市",
        "name": "山口市上佐集会所",
        "名称_カナ": null,
        "名称_英字": null,
        "名称_通称": null,
        "POIコード": null,
        "外部識別子": null,
        "外部識別子の値": null,
        "所在地_全国地方公共団体コード": 352039,
        "町字ID": 120000.0,
        "所在地_連結表記": "山口県山口市徳地堀2726ｰ2",
        "所在地_都道府県": "山口県",
        "所在地_市区町村": "山口市",
        "所在地_町字": "徳地堀",
        "所在地_ｰ以下": "2726ｰ2",
        "建物名等(方書)": null,
        "高度の種別": null,
        "高度の値": null,
        "電話番号": null,
        "内線番号": null,
        "連絡先メールアドレス": null,
        "連絡先FormURL": null,
        "連絡先備考（その他、SNSなど）": null,
        "郵便番号": 7470231,
        "法人番号": null,
        "団体名": null,
        "利用可能曜日": null,
        "開始時間": null,
        "終了時間": null,
        "利用可能時間特記事項": null,
        "説明": null,
        "車椅子可": null,
        "車椅子貸出": null,
        "ツエ貸出": null,
        "バリアフリートイレ": null,
        "スロープ、エレベータ、エスカレータ": null,
        "点字ブロック等の移動支援": null,
        "点字や読上による支援": null,
        "盲導犬・介助犬、聴導犬同伴": null,
        "字幕": null,
        "筆談対応": null,
        "優先駐車場": null,
        "オストメイト対応トイレ": null,
        "授乳室": null,
        "おむつ替えコーナー": null,
        "飲食可否": null,
        "ベビーカー貸出": null,
        "ベビーカー利用": null,
        "URL": null,
        "画像": null,
        "画像_ライセンス": null,
        "備考": null
      }
    },
    {
      "type": "Feature",
      "geometry": {
        "type": "Point",
        "coordinates": [
          131.652154,
          34.258871
        ]
      },
      "properties": {
        "全国地方公共団体コード": 352039,
        "ID": "AD1304000068",
        "地方公共団体名": "山口県山口市",
        "name": "山口市徳地高齢者趣味の家",
        "名称_カナ": null,
        "名称_英字": null,
        "名称_通称": null,
        "POIコード": null,
        "外部識別子": null,
        "外部識別子の値": null,
        "所在地_全国地方公共団体コード": 352039,
        "町字ID": 119000.0,
        "所在地_連結表記": "山口県山口市徳地船路112",
        "所在地_都道府県": "山口県",
        "所在地_市区町村": "山口市",
        "所在地_町字": "徳地船路",
        "所在地_ｰ以下": "112",
        "建物名等(方書)": null,
        "高度の種別": null,
        "高度の値": null,
        "電話番号": null,
        "内線番号": null,
        "連絡先メールアドレス": null,
        "連絡先FormURL": null,
        "連絡先備考（その他、SNSなど）": null,
        "郵便番号": 7470342,
        "法人番号": null,
        "団体名": null,
        "利用可能曜日": null,
        "開始時間": null,
        "終了時間": null,
        "利用可能時間特記事項": null,
        "説明": null,
        "車椅子可": null,
        "車椅子貸出": null,
        "ツエ貸出": null,
        "バリアフリートイレ": null,
        "スロープ、エレベータ、エスカレータ": null,
        "点字ブロック等の移動支援": null,
        "点字や読上による支援": null,
        "盲導犬・介助犬、聴導犬同伴": null,
        "字幕": null,
        "筆談対応": null,
        "優先駐車場": null,
        "オストメイト対応トイレ": null,
        "授乳室": null,
        "おむつ替えコーナー": null,
        "飲食可否": null,
        "ベビーカー貸出": null,
        "ベビーカー利用": null,
        "URL": null,
        "画像": null,
        "画像_ライセンス": null,
        "備考": null
      }
    },
    {
      "type": "Feature",
      "geometry": {
        "type": "Point",
        "coordinates": [
          131.656556,
          34.189278
        ]
      },
      "properties": {
        "全国地方公共団体コード": 352039,
        "ID": "AD1304000069",
        "地方公共団体名": "山口県山口市",
        "name": "山口市出雲ふれあいの館",
        "名称_カナ": null,
        "名称_英字": null,
        "名称_通称": null,
        "POIコード": null,
        "外部識別子": null,
        "外部識別子の値": null,
        "所在地_全国地方公共団体コード": 352039,
        "町字ID": 120000.0,
        "所在地_連結表記": "山口県山口市徳地堀1708ｰ1",
        "所在地_都道府県": "山口県",
        "所在地_市区町村": "山口市",
        "所在地_町字": "徳地堀",
        "所在地_ｰ以下": "1708ｰ1",
        "建物名等(方書)": null,
        "高度の種別": null,
        "高度の値": null,
        "電話番号": null,
        "内線番号": null,
        "連絡先メールアドレス": null,
        "連絡先FormURL": null,
        "連絡先備考（その他、SNSなど）": null,
        "郵便番号": 7470231,
        "法人番号": null,
        "団体名": null,
        "利用可能曜日": null,
        "開始時間": null,
        "終了時間": null,
        "利用可能時間特記事項": null,
        "説明": null,
        "車椅子可": null,
        "車椅子貸出": null,
        "ツエ貸出": null,
        "バリアフリートイレ": null,
        "スロープ、エレベータ、エスカレータ": null,
        "点字ブロック等の移動支援": null,
        "点字や読上による支援": null,
        "盲導犬・介助犬、聴導犬同伴": null,
        "字幕": null,
        "筆談対応": null,
        "優先駐車場": null,
        "オストメイト対応トイレ": null,
        "授乳室": null,
        "おむつ替えコーナー": null,
        "飲食可否": null,
        "ベビーカー貸出": null,
        "ベビーカー利用": null,
        "URL": null,
        "画像": null,
        "画像_ライセンス": null,
        "備考": null
      }
    },
    {
      "type": "Feature",
      "geometry": {
        "type": "Point",
        "coordinates": [
          131.669183,
          34.203627
        ]
      },
      "properties": {
        "全国地方公共団体コード": 352039,
        "ID": "AD1304000070",
        "地方公共団体名": "山口県山口市",
        "name": "山口市小古祖多目的集会所",
        "名称_カナ": null,
        "名称_英字": null,
        "名称_通称": null,
        "POIコード": null,
        "外部識別子": null,
        "外部識別子の値": null,
        "所在地_全国地方公共団体コード": 352039,
        "町字ID": 109000.0,
        "所在地_連結表記": "山口県山口市徳地小古祖831",
        "所在地_都道府県": "山口県",
        "所在地_市区町村": "山口市",
        "所在地_町字": "徳地小古祖",
        "所在地_ｰ以下": "831",
        "建物名等(方書)": null,
        "高度の種別": null,
        "高度の値": null,
        "電話番号": null,
        "内線番号": null,
        "連絡先メールアドレス": null,
        "連絡先FormURL": null,
        "連絡先備考（その他、SNSなど）": null,
        "郵便番号": 7470234,
        "法人番号": null,
        "団体名": null,
        "利用可能曜日": null,
        "開始時間": null,
        "終了時間": null,
        "利用可能時間特記事項": null,
        "説明": null,
        "車椅子可": null,
        "車椅子貸出": null,
        "ツエ貸出": null,
        "バリアフリートイレ": null,
        "スロープ、エレベータ、エスカレータ": null,
        "点字ブロック等の移動支援": null,
        "点字や読上による支援": null,
        "盲導犬・介助犬、聴導犬同伴": null,
        "字幕": null,
        "筆談対応": null,
        "優先駐車場": null,
        "オストメイト対応トイレ": null,
        "授乳室": null,
        "おむつ替えコーナー": null,
        "飲食可否": null,
        "ベビーカー貸出": null,
        "ベビーカー利用": null,
        "URL": null,
        "画像": null,
        "画像_ライセンス": null,
        "備考": null
      }
    },
    {
      "type": "Feature",
      "geometry": {
        "type": "Point",
        "coordinates": [
          131.620562,
          34.152548
        ]
      },
      "properties": {
        "全国地方公共団体コード": 352039,
        "ID": "AD1304000071",
        "地方公共団体名": "山口県山口市",
        "name": "山口市岸見研修センター",
        "名称_カナ": null,
        "名称_英字": null,
        "名称_通称": null,
        "POIコード": null,
        "外部識別子": null,
        "外部識別子の値": null,
        "所在地_全国地方公共団体コード": 352039,
        "町字ID": 111000.0,
        "所在地_連結表記": "山口県山口市徳地岸見825ｰ2",
        "所在地_都道府県": "山口県",
        "所在地_市区町村": "山口市",
        "所在地_町字": "徳地岸見",
        "所在地_ｰ以下": "825ｰ2",
        "建物名等(方書)": null,
        "高度の種別": null,
        "高度の値": null,
        "電話番号": null,
        "内線番号": null,
        "連絡先メールアドレス": null,
        "連絡先FormURL": null,
        "連絡先備考（その他、SNSなど）": null,
        "郵便番号": 7470233,
        "法人番号": null,
        "団体名": null,
        "利用可能曜日": null,
        "開始時間": null,
        "終了時間": null,
        "利用可能時間特記事項": null,
        "説明": null,
        "車椅子可": null,
        "車椅子貸出": null,
        "ツエ貸出": null,
        "バリアフリートイレ": null,
        "スロープ、エレベータ、エスカレータ": null,
        "点字ブロック等の移動支援": null,
        "点字や読上による支援": null,
        "盲導犬・介助犬、聴導犬同伴": null,
        "字幕": null,
        "筆談対応": null,
        "優先駐車場": null,
        "オストメイト対応トイレ": null,
        "授乳室": null,
        "おむつ替えコーナー": null,
        "飲食可否": null,
        "ベビーカー貸出": null,
        "ベビーカー利用": null,
        "URL": null,
        "画像": null,
        "画像_ライセンス": null,
        "備考": null
      }
    },
    {
      "type": "Feature",
      "geometry": {
        "type": "Point",
        "coordinates": [
          131.46371133,
          34.17621948
        ]
      },
      "properties": {
        "全国地方公共団体コード": null,
        "ID": null,
        "地方公共団体名": null,
        "name": "西糸米公民館",
        "名称_カナ": null,
        "名称_英字": null,
        "名称_通称": null,
        "POIコード": null,
        "外部識別子": null,
        "外部識別子の値": null,
        "所在地_全国地方公共団体コード": null,
        "町字ID": null,
        "所在地_連結表記": "山口県山口市糸米２丁目３-１５",
        "所在地_都道府県": null,
        "所在地_市区町村": null,
        "所在地_町字": null,
        "所在地_ｰ以下": null,
        "建物名等(方書)": null,
        "高度の種別": null,
        "高度の値": null,
        "電話番号": null,
        "内線番号": null,
        "連絡先メールアドレス": null,
        "連絡先FormURL": null,
        "連絡先備考（その他、SNSなど）": null,
        "郵便番号": null,
        "法人番号": null,
        "団体名": null,
        "利用可能曜日": null,
        "開始時間": null,
        "終了時間": null,
        "利用可能時間特記事項": null,
        "説明": null,
        "車椅子可": null,
        "車椅子貸出": null,
        "ツエ貸出": null,
        "バリアフリートイレ": null,
        "スロープ、エレベータ、エスカレータ": null,
        "点字ブロック等の移動支援": null,
        "点字や読上による支援": null,
        "盲導犬・介助犬、聴導犬同伴": null,
        "字幕": null,
        "筆談対応": null,
        "優先駐車場": null,
        "オストメイト対応トイレ": null,
        "授乳室": null,
        "おむつ替えコーナー": null,
        "飲食可否": null,
        "ベビーカー貸出": null,
        "ベビーカー利用": null,
        "URL": null,
        "画像": null,
        "画像_ライセンス": null,
        "備考": null,
        "データ区分": "自治会公民館等（Mapion調べ）"
      }
    },
    {
      "type": "Feature",
      "geometry": {
        "type": "Point",
        "coordinates": [
          131.47974309,
          34.16876296
        ]
      },
      "properties": {
        "全国地方公共団体コード": null,
        "ID": null,
        "地方公共団体名": null,
        "name": "宮島町公民館",
        "名称_カナ": null,
        "名称_英字": null,
        "名称_通称": null,
        "POIコード": null,
        "外部識別子": null,
        "外部識別子の値": null,
        "所在地_全国地方公共団体コード": null,
        "町字ID": null,
        "所在地_連結表記": "山口県山口市宮島町１-１",
        "所在地_都道府県": null,
        "所在地_市区町村": null,
        "所在地_町字": null,
        "所在地_ｰ以下": null,
        "建物名等(方書)": null,
        "高度の種別": null,
        "高度の値": null,
        "電話番号": null,
        "内線番号": null,
        "連絡先メールアドレス": null,
        "連絡先FormURL": null,
        "連絡先備考（その他、SNSなど）": null,
        "郵便番号": null,
        "法人番号": null,
        "団体名": null,
        "利用可能曜日": null,
        "開始時間": null,
        "終了時間": null,
        "利用可能時間特記事項": null,
        "説明": null,
        "車椅子可": null,
        "車椅子貸出": null,
        "ツエ貸出": null,
        "バリアフリートイレ": null,
        "スロープ、エレベータ、エスカレータ": null,
        "点字ブロック等の移動支援": null,
        "点字や読上による支援": null,
        "盲導犬・介助犬、聴導犬同伴": null,
        "字幕": null,
        "筆談対応": null,
        "優先駐車場": null,
        "オストメイト対応トイレ": null,
        "授乳室": null,
        "おむつ替えコーナー": null,
        "飲食可否": null,
        "ベビーカー貸出": null,
        "ベビーカー利用": null,
        "URL": null,
        "画像": null,
        "画像_ライセンス": null,
        "備考": null,
        "データ区分": "自治会公民館等（Mapion調べ）"
      }
    },
    {
      "type": "Feature",
      "geometry": {
        "type": "Point",
        "coordinates": [
          131.46504191,
          34.1658691
        ]
      },
      "properties": {
        "全国地方公共団体コード": null,
        "ID": null,
        "地方公共団体名": null,
        "name": "一本松公民館",
        "名称_カナ": null,
        "名称_英字": null,
        "名称_通称": null,
        "POIコード": null,
        "外部識別子": null,
        "外部識別子の値": null,
        "所在地_全国地方公共団体コード": null,
        "町字ID": null,
        "所在地_連結表記": "山口県山口市松美町１-４９",
        "所在地_都道府県": null,
        "所在地_市区町村": null,
        "所在地_町字": null,
        "所在地_ｰ以下": null,
        "建物名等(方書)": null,
        "高度の種別": null,
        "高度の値": null,
        "電話番号": null,
        "内線番号": null,
        "連絡先メールアドレス": null,
        "連絡先FormURL": null,
        "連絡先備考（その他、SNSなど）": null,
        "郵便番号": null,
        "法人番号": null,
        "団体名": null,
        "利用可能曜日": null,
        "開始時間": null,
        "終了時間": null,
        "利用可能時間特記事項": null,
        "説明": null,
        "車椅子可": null,
        "車椅子貸出": null,
        "ツエ貸出": null,
        "バリアフリートイレ": null,
        "スロープ、エレベータ、エスカレータ": null,
        "点字ブロック等の移動支援": null,
        "点字や読上による支援": null,
        "盲導犬・介助犬、聴導犬同伴": null,
        "字幕": null,
        "筆談対応": null,
        "優先駐車場": null,
        "オストメイト対応トイレ": null,
        "授乳室": null,
        "おむつ替えコーナー": null,
        "飲食可否": null,
        "ベビーカー貸出": null,
        "ベビーカー利用": null,
        "URL": null,
        "画像": null,
        "画像_ライセンス": null,
        "備考": null,
        "データ区分": "自治会公民館等（Mapion調べ）"
      }
    },
    {
      "type": "Feature",
      "geometry": {
        "type": "Point",
        "coordinates": [
          131.48764723,
          34.16700882
        ]
      },
      "properties": {
        "全国地方公共団体コード": null,
        "ID": null,
        "地方公共団体名": null,
        "name": "御堀公民館",
        "名称_カナ": null,
        "名称_英字": null,
        "名称_通称": null,
        "POIコード": null,
        "外部識別子": null,
        "外部識別子の値": null,
        "所在地_全国地方公共団体コード": null,
        "町字ID": null,
        "所在地_連結表記": "山口県山口市大内御堀１９５-２",
        "所在地_都道府県": null,
        "所在地_市区町村": null,
        "所在地_町字": null,
        "所在地_ｰ以下": null,
        "建物名等(方書)": null,
        "高度の種別": null,
        "高度の値": null,
        "電話番号": null,
        "内線番号": null,
        "連絡先メールアドレス": null,
        "連絡先FormURL": null,
        "連絡先備考（その他、SNSなど）": null,
        "郵便番号": null,
        "法人番号": null,
        "団体名": null,
        "利用可能曜日": null,
        "開始時間": null,
        "終了時間": null,
        "利用可能時間特記事項": null,
        "説明": null,
        "車椅子可": null,
        "車椅子貸出": null,
        "ツエ貸出": null,
        "バリアフリートイレ": null,
        "スロープ、エレベータ、エスカレータ": null,
        "点字ブロック等の移動支援": null,
        "点字や読上による支援": null,
        "盲導犬・介助犬、聴導犬同伴": null,
        "字幕": null,
        "筆談対応": null,
        "優先駐車場": null,
        "オストメイト対応トイレ": null,
        "授乳室": null,
        "おむつ替えコーナー": null,
        "飲食可否": null,
        "ベビーカー貸出": null,
        "ベビーカー利用": null,
        "URL": null,
        "画像": null,
        "画像_ライセンス": null,
        "備考": null,
        "データ区分": "自治会公民館等（Mapion調べ）"
      }
    },
    {
      "type": "Feature",
      "geometry": {
        "type": "Point",
        "coordinates": [
          131.48326519,
          34.16124759
        ]
      },
      "properties": {
        "全国地方公共団体コード": null,
        "ID": null,
        "地方公共団体名": null,
        "name": "下千坊公民館",
        "名称_カナ": null,
        "名称_英字": null,
        "名称_通称": null,
        "POIコード": null,
        "外部識別子": null,
        "外部識別子の値": null,
        "所在地_全国地方公共団体コード": null,
        "町字ID": null,
        "所在地_連結表記": "山口県山口市大内御堀２０５４-１",
        "所在地_都道府県": null,
        "所在地_市区町村": null,
        "所在地_町字": null,
        "所在地_ｰ以下": null,
        "建物名等(方書)": null,
        "高度の種別": null,
        "高度の値": null,
        "電話番号": null,
        "内線番号": null,
        "連絡先メールアドレス": null,
        "連絡先FormURL": null,
        "連絡先備考（その他、SNSなど）": null,
        "郵便番号": null,
        "法人番号": null,
        "団体名": null,
        "利用可能曜日": null,
        "開始時間": null,
        "終了時間": null,
        "利用可能時間特記事項": null,
        "説明": null,
        "車椅子可": null,
        "車椅子貸出": null,
        "ツエ貸出": null,
        "バリアフリートイレ": null,
        "スロープ、エレベータ、エスカレータ": null,
        "点字ブロック等の移動支援": null,
        "点字や読上による支援": null,
        "盲導犬・介助犬、聴導犬同伴": null,
        "字幕": null,
        "筆談対応": null,
        "優先駐車場": null,
        "オストメイト対応トイレ": null,
        "授乳室": null,
        "おむつ替えコーナー": null,
        "飲食可否": null,
        "ベビーカー貸出": null,
        "ベビーカー利用": null,
        "URL": null,
        "画像": null,
        "画像_ライセンス": null,
        "備考": null,
        "データ区分": "自治会公民館等（Mapion調べ）"
      }
    },
    {
      "type": "Feature",
      "geometry": {
        "type": "Point",
        "coordinates": [
          131.49885291,
          34.16366743
        ]
      },
      "properties": {
        "全国地方公共団体コード": null,
        "ID": null,
        "地方公共団体名": null,
        "name": "氷上公民館",
        "名称_カナ": null,
        "名称_英字": null,
        "名称_通称": null,
        "POIコード": null,
        "外部識別子": null,
        "外部識別子の値": null,
        "所在地_全国地方公共団体コード": null,
        "町字ID": null,
        "所在地_連結表記": "山口県山口市大内氷上４丁目１２-１０",
        "所在地_都道府県": null,
        "所在地_市区町村": null,
        "所在地_町字": null,
        "所在地_ｰ以下": null,
        "建物名等(方書)": null,
        "高度の種別": null,
        "高度の値": null,
        "電話番号": null,
        "内線番号": null,
        "連絡先メールアドレス": null,
        "連絡先FormURL": null,
        "連絡先備考（その他、SNSなど）": null,
        "郵便番号": null,
        "法人番号": null,
        "団体名": null,
        "利用可能曜日": null,
        "開始時間": null,
        "終了時間": null,
        "利用可能時間特記事項": null,
        "説明": null,
        "車椅子可": null,
        "車椅子貸出": null,
        "ツエ貸出": null,
        "バリアフリートイレ": null,
        "スロープ、エレベータ、エスカレータ": null,
        "点字ブロック等の移動支援": null,
        "点字や読上による支援": null,
        "盲導犬・介助犬、聴導犬同伴": null,
        "字幕": null,
        "筆談対応": null,
        "優先駐車場": null,
        "オストメイト対応トイレ": null,
        "授乳室": null,
        "おむつ替えコーナー": null,
        "飲食可否": null,
        "ベビーカー貸出": null,
        "ベビーカー利用": null,
        "URL": null,
        "画像": null,
        "画像_ライセンス": null,
        "備考": null,
        "データ区分": "自治会公民館等（Mapion調べ）"
      }
    },
    {
      "type": "Feature",
      "geometry": {
        "type": "Point",
        "coordinates": [
          131.43907963,
          34.16698606
        ]
      },
      "properties": {
        "全国地方公共団体コード": null,
        "ID": null,
        "地方公共団体名": null,
        "name": "上東公民館",
        "名称_カナ": null,
        "名称_英字": null,
        "名称_通称": null,
        "POIコード": null,
        "外部識別子": null,
        "外部識別子の値": null,
        "所在地_全国地方公共団体コード": null,
        "町字ID": null,
        "所在地_連結表記": "山口県山口市吉敷中東３丁目９-５",
        "所在地_都道府県": null,
        "所在地_市区町村": null,
        "所在地_町字": null,
        "所在地_ｰ以下": null,
        "建物名等(方書)": null,
        "高度の種別": null,
        "高度の値": null,
        "電話番号": null,
        "内線番号": null,
        "連絡先メールアドレス": null,
        "連絡先FormURL": null,
        "連絡先備考（その他、SNSなど）": null,
        "郵便番号": null,
        "法人番号": null,
        "団体名": null,
        "利用可能曜日": null,
        "開始時間": null,
        "終了時間": null,
        "利用可能時間特記事項": null,
        "説明": null,
        "車椅子可": null,
        "車椅子貸出": null,
        "ツエ貸出": null,
        "バリアフリートイレ": null,
        "スロープ、エレベータ、エスカレータ": null,
        "点字ブロック等の移動支援": null,
        "点字や読上による支援": null,
        "盲導犬・介助犬、聴導犬同伴": null,
        "字幕": null,
        "筆談対応": null,
        "優先駐車場": null,
        "オストメイト対応トイレ": null,
        "授乳室": null,
        "おむつ替えコーナー": null,
        "飲食可否": null,
        "ベビーカー貸出": null,
        "ベビーカー利用": null,
        "URL": null,
        "画像": null,
        "画像_ライセンス": null,
        "備考": null,
        "データ区分": "自治会公民館等（Mapion調べ）"
      }
    },
    {
      "type": "Feature",
      "geometry": {
        "type": "Point",
        "coordinates": [
          131.50120858,
          34.15377271
        ]
      },
      "properties": {
        "全国地方公共団体コード": null,
        "ID": null,
        "地方公共団体名": null,
        "name": "中矢田公民館",
        "名称_カナ": null,
        "名称_英字": null,
        "名称_通称": null,
        "POIコード": null,
        "外部識別子": null,
        "外部識別子の値": null,
        "所在地_全国地方公共団体コード": null,
        "町字ID": null,
        "所在地_連結表記": "山口県山口市大内矢田南１丁目１３-１２",
        "所在地_都道府県": null,
        "所在地_市区町村": null,
        "所在地_町字": null,
        "所在地_ｰ以下": null,
        "建物名等(方書)": null,
        "高度の種別": null,
        "高度の値": null,
        "電話番号": null,
        "内線番号": null,
        "連絡先メールアドレス": null,
        "連絡先FormURL": null,
        "連絡先備考（その他、SNSなど）": null,
        "郵便番号": null,
        "法人番号": null,
        "団体名": null,
        "利用可能曜日": null,
        "開始時間": null,
        "終了時間": null,
        "利用可能時間特記事項": null,
        "説明": null,
        "車椅子可": null,
        "車椅子貸出": null,
        "ツエ貸出": null,
        "バリアフリートイレ": null,
        "スロープ、エレベータ、エスカレータ": null,
        "点字ブロック等の移動支援": null,
        "点字や読上による支援": null,
        "盲導犬・介助犬、聴導犬同伴": null,
        "字幕": null,
        "筆談対応": null,
        "優先駐車場": null,
        "オストメイト対応トイレ": null,
        "授乳室": null,
        "おむつ替えコーナー": null,
        "飲食可否": null,
        "ベビーカー貸出": null,
        "ベビーカー利用": null,
        "URL": null,
        "画像": null,
        "画像_ライセンス": null,
        "備考": null,
        "データ区分": "自治会公民館等（Mapion調べ）"
      }
    },
    {
      "type": "Feature",
      "geometry": {
        "type": "Point",
        "coordinates": [
          131.43045059,
          34.1746456
        ]
      },
      "properties": {
        "全国地方公共団体コード": null,
        "ID": null,
        "地方公共団体名": null,
        "name": "赤田公民館",
        "名称_カナ": null,
        "名称_英字": null,
        "名称_通称": null,
        "POIコード": null,
        "外部識別子": null,
        "外部識別子の値": null,
        "所在地_全国地方公共団体コード": null,
        "町字ID": null,
        "所在地_連結表記": "山口県山口市吉敷赤田４丁目３-５６",
        "所在地_都道府県": null,
        "所在地_市区町村": null,
        "所在地_町字": null,
        "所在地_ｰ以下": null,
        "建物名等(方書)": null,
        "高度の種別": null,
        "高度の値": null,
        "電話番号": null,
        "内線番号": null,
        "連絡先メールアドレス": null,
        "連絡先FormURL": null,
        "連絡先備考（その他、SNSなど）": null,
        "郵便番号": null,
        "法人番号": null,
        "団体名": null,
        "利用可能曜日": null,
        "開始時間": null,
        "終了時間": null,
        "利用可能時間特記事項": null,
        "説明": null,
        "車椅子可": null,
        "車椅子貸出": null,
        "ツエ貸出": null,
        "バリアフリートイレ": null,
        "スロープ、エレベータ、エスカレータ": null,
        "点字ブロック等の移動支援": null,
        "点字や読上による支援": null,
        "盲導犬・介助犬、聴導犬同伴": null,
        "字幕": null,
        "筆談対応": null,
        "優先駐車場": null,
        "オストメイト対応トイレ": null,
        "授乳室": null,
        "おむつ替えコーナー": null,
        "飲食可否": null,
        "ベビーカー貸出": null,
        "ベビーカー利用": null,
        "URL": null,
        "画像": null,
        "画像_ライセンス": null,
        "備考": null,
        "データ区分": "自治会公民館等（Mapion調べ）"
      }
    },
    {
      "type": "Feature",
      "geometry": {
        "type": "Point",
        "coordinates": [
          131.43379599,
          34.15689171
        ]
      },
      "properties": {
        "全国地方公共団体コード": null,
        "ID": null,
        "地方公共団体名": null,
        "name": "木崎公民館",
        "名称_カナ": null,
        "名称_英字": null,
        "名称_通称": null,
        "POIコード": null,
        "外部識別子": null,
        "外部識別子の値": null,
        "所在地_全国地方公共団体コード": null,
        "町字ID": null,
        "所在地_連結表記": "山口県山口市維新公園６丁目２-１７",
        "所在地_都道府県": null,
        "所在地_市区町村": null,
        "所在地_町字": null,
        "所在地_ｰ以下": null,
        "建物名等(方書)": null,
        "高度の種別": null,
        "高度の値": null,
        "電話番号": null,
        "内線番号": null,
        "連絡先メールアドレス": null,
        "連絡先FormURL": null,
        "連絡先備考（その他、SNSなど）": null,
        "郵便番号": null,
        "法人番号": null,
        "団体名": null,
        "利用可能曜日": null,
        "開始時間": null,
        "終了時間": null,
        "利用可能時間特記事項": null,
        "説明": null,
        "車椅子可": null,
        "車椅子貸出": null,
        "ツエ貸出": null,
        "バリアフリートイレ": null,
        "スロープ、エレベータ、エスカレータ": null,
        "点字ブロック等の移動支援": null,
        "点字や読上による支援": null,
        "盲導犬・介助犬、聴導犬同伴": null,
        "字幕": null,
        "筆談対応": null,
        "優先駐車場": null,
        "オストメイト対応トイレ": null,
        "授乳室": null,
        "おむつ替えコーナー": null,
        "飲食可否": null,
        "ベビーカー貸出": null,
        "ベビーカー利用": null,
        "URL": null,
        "画像": null,
        "画像_ライセンス": null,
        "備考": null,
        "データ区分": "自治会公民館等（Mapion調べ）"
      }
    },
    {
      "type": "Feature",
      "geometry": {
        "type": "Point",
        "coordinates": [
          131.41664667,
          34.13171407
        ]
      },
      "properties": {
        "全国地方公共団体コード": null,
        "ID": null,
        "地方公共団体名": null,
        "name": "仁保津上公民館",
        "名称_カナ": null,
        "名称_英字": null,
        "名称_通称": null,
        "POIコード": null,
        "外部識別子": null,
        "外部識別子の値": null,
        "所在地_全国地方公共団体コード": null,
        "町字ID": null,
        "所在地_連結表記": "山口県山口市小郡上郷仁保津上",
        "所在地_都道府県": null,
        "所在地_市区町村": null,
        "所在地_町字": null,
        "所在地_ｰ以下": null,
        "建物名等(方書)": null,
        "高度の種別": null,
        "高度の値": null,
        "電話番号": null,
        "内線番号": null,
        "連絡先メールアドレス": null,
        "連絡先FormURL": null,
        "連絡先備考（その他、SNSなど）": null,
        "郵便番号": null,
        "法人番号": null,
        "団体名": null,
        "利用可能曜日": null,
        "開始時間": null,
        "終了時間": null,
        "利用可能時間特記事項": null,
        "説明": null,
        "車椅子可": null,
        "車椅子貸出": null,
        "ツエ貸出": null,
        "バリアフリートイレ": null,
        "スロープ、エレベータ、エスカレータ": null,
        "点字ブロック等の移動支援": null,
        "点字や読上による支援": null,
        "盲導犬・介助犬、聴導犬同伴": null,
        "字幕": null,
        "筆談対応": null,
        "優先駐車場": null,
        "オストメイト対応トイレ": null,
        "授乳室": null,
        "おむつ替えコーナー": null,
        "飲食可否": null,
        "ベビーカー貸出": null,
        "ベビーカー利用": null,
        "URL": null,
        "画像": null,
        "画像_ライセンス": null,
        "備考": null,
        "データ区分": "自治会公民館等（Mapion調べ）"
      }
    },
    {
      "type": "Feature",
      "geometry": {
        "type": "Point",
        "coordinates": [
          131.41779365,
          34.12516105
        ]
      },
      "properties": {
        "全国地方公共団体コード": null,
        "ID": null,
        "地方公共団体名": null,
        "name": "岩屋公民館",
        "名称_カナ": null,
        "名称_英字": null,
        "名称_通称": null,
        "POIコード": null,
        "外部識別子": null,
        "外部識別子の値": null,
        "所在地_全国地方公共団体コード": null,
        "町字ID": null,
        "所在地_連結表記": "山口県山口市小郡上郷岩屋",
        "所在地_都道府県": null,
        "所在地_市区町村": null,
        "所在地_町字": null,
        "所在地_ｰ以下": null,
        "建物名等(方書)": null,
        "高度の種別": null,
        "高度の値": null,
        "電話番号": null,
        "内線番号": null,
        "連絡先メールアドレス": null,
        "連絡先FormURL": null,
        "連絡先備考（その他、SNSなど）": null,
        "郵便番号": null,
        "法人番号": null,
        "団体名": null,
        "利用可能曜日": null,
        "開始時間": null,
        "終了時間": null,
        "利用可能時間特記事項": null,
        "説明": null,
        "車椅子可": null,
        "車椅子貸出": null,
        "ツエ貸出": null,
        "バリアフリートイレ": null,
        "スロープ、エレベータ、エスカレータ": null,
        "点字ブロック等の移動支援": null,
        "点字や読上による支援": null,
        "盲導犬・介助犬、聴導犬同伴": null,
        "字幕": null,
        "筆談対応": null,
        "優先駐車場": null,
        "オストメイト対応トイレ": null,
        "授乳室": null,
        "おむつ替えコーナー": null,
        "飲食可否": null,
        "ベビーカー貸出": null,
        "ベビーカー利用": null,
        "URL": null,
        "画像": null,
        "画像_ライセンス": null,
        "備考": null,
        "データ区分": "自治会公民館等（Mapion調べ）"
      }
    },
    {
      "type": "Feature",
      "geometry": {
        "type": "Point",
        "coordinates": [
          131.41271583,
          34.12814461
        ]
      },
      "properties": {
        "全国地方公共団体コード": null,
        "ID": null,
        "地方公共団体名": null,
        "name": "中ノ岡公民館",
        "名称_カナ": null,
        "名称_英字": null,
        "名称_通称": null,
        "POIコード": null,
        "外部識別子": null,
        "外部識別子の値": null,
        "所在地_全国地方公共団体コード": null,
        "町字ID": null,
        "所在地_連結表記": "山口県山口市小郡上郷仁保津下",
        "所在地_都道府県": null,
        "所在地_市区町村": null,
        "所在地_町字": null,
        "所在地_ｰ以下": null,
        "建物名等(方書)": null,
        "高度の種別": null,
        "高度の値": null,
        "電話番号": null,
        "内線番号": null,
        "連絡先メールアドレス": null,
        "連絡先FormURL": null,
        "連絡先備考（その他、SNSなど）": null,
        "郵便番号": null,
        "法人番号": null,
        "団体名": null,
        "利用可能曜日": null,
        "開始時間": null,
        "終了時間": null,
        "利用可能時間特記事項": null,
        "説明": null,
        "車椅子可": null,
        "車椅子貸出": null,
        "ツエ貸出": null,
        "バリアフリートイレ": null,
        "スロープ、エレベータ、エスカレータ": null,
        "点字ブロック等の移動支援": null,
        "点字や読上による支援": null,
        "盲導犬・介助犬、聴導犬同伴": null,
        "字幕": null,
        "筆談対応": null,
        "優先駐車場": null,
        "オストメイト対応トイレ": null,
        "授乳室": null,
        "おむつ替えコーナー": null,
        "飲食可否": null,
        "ベビーカー貸出": null,
        "ベビーカー利用": null,
        "URL": null,
        "画像": null,
        "画像_ライセンス": null,
        "備考": null,
        "データ区分": "自治会公民館等（Mapion調べ）"
      }
    },
    {
      "type": "Feature",
      "geometry": {
        "type": "Point",
        "coordinates": [
          131.40873744,
          34.12610476
        ]
      },
      "properties": {
        "全国地方公共団体コード": null,
        "ID": null,
        "地方公共団体名": null,
        "name": "三条岡公民館",
        "名称_カナ": null,
        "名称_英字": null,
        "名称_通称": null,
        "POIコード": null,
        "外部識別子": null,
        "外部識別子の値": null,
        "所在地_全国地方公共団体コード": null,
        "町字ID": null,
        "所在地_連結表記": "山口県山口市小郡上郷仁保津下",
        "所在地_都道府県": null,
        "所在地_市区町村": null,
        "所在地_町字": null,
        "所在地_ｰ以下": null,
        "建物名等(方書)": null,
        "高度の種別": null,
        "高度の値": null,
        "電話番号": null,
        "内線番号": null,
        "連絡先メールアドレス": null,
        "連絡先FormURL": null,
        "連絡先備考（その他、SNSなど）": null,
        "郵便番号": null,
        "法人番号": null,
        "団体名": null,
        "利用可能曜日": null,
        "開始時間": null,
        "終了時間": null,
        "利用可能時間特記事項": null,
        "説明": null,
        "車椅子可": null,
        "車椅子貸出": null,
        "ツエ貸出": null,
        "バリアフリートイレ": null,
        "スロープ、エレベータ、エスカレータ": null,
        "点字ブロック等の移動支援": null,
        "点字や読上による支援": null,
        "盲導犬・介助犬、聴導犬同伴": null,
        "字幕": null,
        "筆談対応": null,
        "優先駐車場": null,
        "オストメイト対応トイレ": null,
        "授乳室": null,
        "おむつ替えコーナー": null,
        "飲食可否": null,
        "ベビーカー貸出": null,
        "ベビーカー利用": null,
        "URL": null,
        "画像": null,
        "画像_ライセンス": null,
        "備考": null,
        "データ区分": "自治会公民館等（Mapion調べ）"
      }
    },
    {
      "type": "Feature",
      "geometry": {
        "type": "Point",
        "coordinates": [
          131.40956768,
          34.11536381
        ]
      },
      "properties": {
        "全国地方公共団体コード": null,
        "ID": null,
        "地方公共団体名": null,
        "name": "八方原公民館",
        "名称_カナ": null,
        "名称_英字": null,
        "名称_通称": null,
        "POIコード": null,
        "外部識別子": null,
        "外部識別子の値": null,
        "所在地_全国地方公共団体コード": null,
        "町字ID": null,
        "所在地_連結表記": "山口県山口市小郡上郷八方原",
        "所在地_都道府県": null,
        "所在地_市区町村": null,
        "所在地_町字": null,
        "所在地_ｰ以下": null,
        "建物名等(方書)": null,
        "高度の種別": null,
        "高度の値": null,
        "電話番号": null,
        "内線番号": null,
        "連絡先メールアドレス": null,
        "連絡先FormURL": null,
        "連絡先備考（その他、SNSなど）": null,
        "郵便番号": null,
        "法人番号": null,
        "団体名": null,
        "利用可能曜日": null,
        "開始時間": null,
        "終了時間": null,
        "利用可能時間特記事項": null,
        "説明": null,
        "車椅子可": null,
        "車椅子貸出": null,
        "ツエ貸出": null,
        "バリアフリートイレ": null,
        "スロープ、エレベータ、エスカレータ": null,
        "点字ブロック等の移動支援": null,
        "点字や読上による支援": null,
        "盲導犬・介助犬、聴導犬同伴": null,
        "字幕": null,
        "筆談対応": null,
        "優先駐車場": null,
        "オストメイト対応トイレ": null,
        "授乳室": null,
        "おむつ替えコーナー": null,
        "飲食可否": null,
        "ベビーカー貸出": null,
        "ベビーカー利用": null,
        "URL": null,
        "画像": null,
        "画像_ライセンス": null,
        "備考": null,
        "データ区分": "自治会公民館等（Mapion調べ）"
      }
    },
    {
      "type": "Feature",
      "geometry": {
        "type": "Point",
        "coordinates": [
          131.39755681,
          34.12410827
        ]
      },
      "properties": {
        "全国地方公共団体コード": null,
        "ID": null,
        "地方公共団体名": null,
        "name": "光が丘中・東区公民館",
        "名称_カナ": null,
        "名称_英字": null,
        "名称_通称": null,
        "POIコード": null,
        "外部識別子": null,
        "外部識別子の値": null,
        "所在地_全国地方公共団体コード": null,
        "町字ID": null,
        "所在地_連結表記": "山口県山口市小郡光が丘１４-１",
        "所在地_都道府県": null,
        "所在地_市区町村": null,
        "所在地_町字": null,
        "所在地_ｰ以下": null,
        "建物名等(方書)": null,
        "高度の種別": null,
        "高度の値": null,
        "電話番号": null,
        "内線番号": null,
        "連絡先メールアドレス": null,
        "連絡先FormURL": null,
        "連絡先備考（その他、SNSなど）": null,
        "郵便番号": null,
        "法人番号": null,
        "団体名": null,
        "利用可能曜日": null,
        "開始時間": null,
        "終了時間": null,
        "利用可能時間特記事項": null,
        "説明": null,
        "車椅子可": null,
        "車椅子貸出": null,
        "ツエ貸出": null,
        "バリアフリートイレ": null,
        "スロープ、エレベータ、エスカレータ": null,
        "点字ブロック等の移動支援": null,
        "点字や読上による支援": null,
        "盲導犬・介助犬、聴導犬同伴": null,
        "字幕": null,
        "筆談対応": null,
        "優先駐車場": null,
        "オストメイト対応トイレ": null,
        "授乳室": null,
        "おむつ替えコーナー": null,
        "飲食可否": null,
        "ベビーカー貸出": null,
        "ベビーカー利用": null,
        "URL": null,
        "画像": null,
        "画像_ライセンス": null,
        "備考": null,
        "データ区分": "自治会公民館等（Mapion調べ）"
      }
    },
    {
      "type": "Feature",
      "geometry": {
        "type": "Point",
        "coordinates": [
          131.39684837,
          34.12075584
        ]
      },
      "properties": {
        "全国地方公共団体コード": null,
        "ID": null,
        "地方公共団体名": null,
        "name": "光が丘南区公民館",
        "名称_カナ": null,
        "名称_英字": null,
        "名称_通称": null,
        "POIコード": null,
        "外部識別子": null,
        "外部識別子の値": null,
        "所在地_全国地方公共団体コード": null,
        "町字ID": null,
        "所在地_連結表記": "山口県山口市小郡新町７丁目２-２８",
        "所在地_都道府県": null,
        "所在地_市区町村": null,
        "所在地_町字": null,
        "所在地_ｰ以下": null,
        "建物名等(方書)": null,
        "高度の種別": null,
        "高度の値": null,
        "電話番号": null,
        "内線番号": null,
        "連絡先メールアドレス": null,
        "連絡先FormURL": null,
        "連絡先備考（その他、SNSなど）": null,
        "郵便番号": null,
        "法人番号": null,
        "団体名": null,
        "利用可能曜日": null,
        "開始時間": null,
        "終了時間": null,
        "利用可能時間特記事項": null,
        "説明": null,
        "車椅子可": null,
        "車椅子貸出": null,
        "ツエ貸出": null,
        "バリアフリートイレ": null,
        "スロープ、エレベータ、エスカレータ": null,
        "点字ブロック等の移動支援": null,
        "点字や読上による支援": null,
        "盲導犬・介助犬、聴導犬同伴": null,
        "字幕": null,
        "筆談対応": null,
        "優先駐車場": null,
        "オストメイト対応トイレ": null,
        "授乳室": null,
        "おむつ替えコーナー": null,
        "飲食可否": null,
        "ベビーカー貸出": null,
        "ベビーカー利用": null,
        "URL": null,
        "画像": null,
        "画像_ライセンス": null,
        "備考": null,
        "データ区分": "自治会公民館等（Mapion調べ）"
      }
    },
    {
      "type": "Feature",
      "geometry": {
        "type": "Point",
        "coordinates": [
          131.39886337,
          34.11460419
        ]
      },
      "properties": {
        "全国地方公共団体コード": null,
        "ID": null,
        "地方公共団体名": null,
        "name": "新町東公民館",
        "名称_カナ": null,
        "名称_英字": null,
        "名称_通称": null,
        "POIコード": null,
        "外部識別子": null,
        "外部識別子の値": null,
        "所在地_全国地方公共団体コード": null,
        "町字ID": null,
        "所在地_連結表記": "山口県山口市小郡新町４丁目２-３０",
        "所在地_都道府県": null,
        "所在地_市区町村": null,
        "所在地_町字": null,
        "所在地_ｰ以下": null,
        "建物名等(方書)": null,
        "高度の種別": null,
        "高度の値": null,
        "電話番号": null,
        "内線番号": null,
        "連絡先メールアドレス": null,
        "連絡先FormURL": null,
        "連絡先備考（その他、SNSなど）": null,
        "郵便番号": null,
        "法人番号": null,
        "団体名": null,
        "利用可能曜日": null,
        "開始時間": null,
        "終了時間": null,
        "利用可能時間特記事項": null,
        "説明": null,
        "車椅子可": null,
        "車椅子貸出": null,
        "ツエ貸出": null,
        "バリアフリートイレ": null,
        "スロープ、エレベータ、エスカレータ": null,
        "点字ブロック等の移動支援": null,
        "点字や読上による支援": null,
        "盲導犬・介助犬、聴導犬同伴": null,
        "字幕": null,
        "筆談対応": null,
        "優先駐車場": null,
        "オストメイト対応トイレ": null,
        "授乳室": null,
        "おむつ替えコーナー": null,
        "飲食可否": null,
        "ベビーカー貸出": null,
        "ベビーカー利用": null,
        "URL": null,
        "画像": null,
        "画像_ライセンス": null,
        "備考": null,
        "データ区分": "自治会公民館等（Mapion調べ）"
      }
    },
    {
      "type": "Feature",
      "geometry": {
        "type": "Point",
        "coordinates": [
          131.39943561,
          34.11136107
        ]
      },
      "properties": {
        "全国地方公共団体コード": null,
        "ID": null,
        "地方公共団体名": null,
        "name": "山手上公民館",
        "名称_カナ": null,
        "名称_英字": null,
        "名称_通称": null,
        "POIコード": null,
        "外部識別子": null,
        "外部識別子の値": null,
        "所在地_全国地方公共団体コード": null,
        "町字ID": null,
        "所在地_連結表記": "〒754-0002山口県山口市小郡下郷５１−１",
        "所在地_都道府県": null,
        "所在地_市区町村": null,
        "所在地_町字": null,
        "所在地_ｰ以下": null,
        "建物名等(方書)": null,
        "高度の種別": null,
        "高度の値": null,
        "電話番号": null,
        "内線番号": null,
        "連絡先メールアドレス": null,
        "連絡先FormURL": null,
        "連絡先備考（その他、SNSなど）": null,
        "郵便番号": null,
        "法人番号": null,
        "団体名": null,
        "利用可能曜日": null,
        "開始時間": null,
        "終了時間": null,
        "利用可能時間特記事項": null,
        "説明": null,
        "車椅子可": null,
        "車椅子貸出": null,
        "ツエ貸出": null,
        "バリアフリートイレ": null,
        "スロープ、エレベータ、エスカレータ": null,
        "点字ブロック等の移動支援": null,
        "点字や読上による支援": null,
        "盲導犬・介助犬、聴導犬同伴": null,
        "字幕": null,
        "筆談対応": null,
        "優先駐車場": null,
        "オストメイト対応トイレ": null,
        "授乳室": null,
        "おむつ替えコーナー": null,
        "飲食可否": null,
        "ベビーカー貸出": null,
        "ベビーカー利用": null,
        "URL": null,
        "画像": null,
        "画像_ライセンス": null,
        "備考": null,
        "データ区分": "自治会公民館等（Mapion調べ）"
      }
    },
    {
      "type": "Feature",
      "geometry": {
        "type": "Point",
        "coordinates": [
          131.39313793,
          34.11635078
        ]
      },
      "properties": {
        "全国地方公共団体コード": null,
        "ID": null,
        "地方公共団体名": null,
        "name": "平原区公民館",
        "名称_カナ": null,
        "名称_英字": null,
        "名称_通称": null,
        "POIコード": null,
        "外部識別子": null,
        "外部識別子の値": null,
        "所在地_全国地方公共団体コード": null,
        "町字ID": null,
        "所在地_連結表記": "山口県山口市小郡新町３丁目１８-５",
        "所在地_都道府県": null,
        "所在地_市区町村": null,
        "所在地_町字": null,
        "所在地_ｰ以下": null,
        "建物名等(方書)": null,
        "高度の種別": null,
        "高度の値": null,
        "電話番号": null,
        "内線番号": null,
        "連絡先メールアドレス": null,
        "連絡先FormURL": null,
        "連絡先備考（その他、SNSなど）": null,
        "郵便番号": null,
        "法人番号": null,
        "団体名": null,
        "利用可能曜日": null,
        "開始時間": null,
        "終了時間": null,
        "利用可能時間特記事項": null,
        "説明": null,
        "車椅子可": null,
        "車椅子貸出": null,
        "ツエ貸出": null,
        "バリアフリートイレ": null,
        "スロープ、エレベータ、エスカレータ": null,
        "点字ブロック等の移動支援": null,
        "点字や読上による支援": null,
        "盲導犬・介助犬、聴導犬同伴": null,
        "字幕": null,
        "筆談対応": null,
        "優先駐車場": null,
        "オストメイト対応トイレ": null,
        "授乳室": null,
        "おむつ替えコーナー": null,
        "飲食可否": null,
        "ベビーカー貸出": null,
        "ベビーカー利用": null,
        "URL": null,
        "画像": null,
        "画像_ライセンス": null,
        "備考": null,
        "データ区分": "自治会公民館等（Mapion調べ）"
      }
    },
    {
      "type": "Feature",
      "geometry": {
        "type": "Point",
        "coordinates": [
          131.39770355,
          34.11180499
        ]
      },
      "properties": {
        "全国地方公共団体コード": null,
        "ID": null,
        "地方公共団体名": null,
        "name": "柳井田公民館",
        "名称_カナ": null,
        "名称_英字": null,
        "名称_通称": null,
        "POIコード": null,
        "外部識別子": null,
        "外部識別子の値": null,
        "所在地_全国地方公共団体コード": null,
        "町字ID": null,
        "所在地_連結表記": "山口県山口市小郡下郷柳井田",
        "所在地_都道府県": null,
        "所在地_市区町村": null,
        "所在地_町字": null,
        "所在地_ｰ以下": null,
        "建物名等(方書)": null,
        "高度の種別": null,
        "高度の値": null,
        "電話番号": null,
        "内線番号": null,
        "連絡先メールアドレス": null,
        "連絡先FormURL": null,
        "連絡先備考（その他、SNSなど）": null,
        "郵便番号": null,
        "法人番号": null,
        "団体名": null,
        "利用可能曜日": null,
        "開始時間": null,
        "終了時間": null,
        "利用可能時間特記事項": null,
        "説明": null,
        "車椅子可": null,
        "車椅子貸出": null,
        "ツエ貸出": null,
        "バリアフリートイレ": null,
        "スロープ、エレベータ、エスカレータ": null,
        "点字ブロック等の移動支援": null,
        "点字や読上による支援": null,
        "盲導犬・介助犬、聴導犬同伴": null,
        "字幕": null,
        "筆談対応": null,
        "優先駐車場": null,
        "オストメイト対応トイレ": null,
        "授乳室": null,
        "おむつ替えコーナー": null,
        "飲食可否": null,
        "ベビーカー貸出": null,
        "ベビーカー利用": null,
        "URL": null,
        "画像": null,
        "画像_ライセンス": null,
        "備考": null,
        "データ区分": "自治会公民館等（Mapion調べ）"
      }
    },
    {
      "type": "Feature",
      "geometry": {
        "type": "Point",
        "coordinates": [
          131.39214958,
          34.11449547
        ]
      },
      "properties": {
        "全国地方公共団体コード": null,
        "ID": null,
        "地方公共団体名": null,
        "name": "新町西公民館",
        "名称_カナ": null,
        "名称_英字": null,
        "名称_通称": null,
        "POIコード": null,
        "外部識別子": null,
        "外部識別子の値": null,
        "所在地_全国地方公共団体コード": null,
        "町字ID": null,
        "所在地_連結表記": "山口県山口市小郡新町２丁目１９-２５",
        "所在地_都道府県": null,
        "所在地_市区町村": null,
        "所在地_町字": null,
        "所在地_ｰ以下": null,
        "建物名等(方書)": null,
        "高度の種別": null,
        "高度の値": null,
        "電話番号": null,
        "内線番号": null,
        "連絡先メールアドレス": null,
        "連絡先FormURL": null,
        "連絡先備考（その他、SNSなど）": null,
        "郵便番号": null,
        "法人番号": null,
        "団体名": null,
        "利用可能曜日": null,
        "開始時間": null,
        "終了時間": null,
        "利用可能時間特記事項": null,
        "説明": null,
        "車椅子可": null,
        "車椅子貸出": null,
        "ツエ貸出": null,
        "バリアフリートイレ": null,
        "スロープ、エレベータ、エスカレータ": null,
        "点字ブロック等の移動支援": null,
        "点字や読上による支援": null,
        "盲導犬・介助犬、聴導犬同伴": null,
        "字幕": null,
        "筆談対応": null,
        "優先駐車場": null,
        "オストメイト対応トイレ": null,
        "授乳室": null,
        "おむつ替えコーナー": null,
        "飲食可否": null,
        "ベビーカー貸出": null,
        "ベビーカー利用": null,
        "URL": null,
        "画像": null,
        "画像_ライセンス": null,
        "備考": null,
        "データ区分": "自治会公民館等（Mapion調べ）"
      }
    },
    {
      "type": "Feature",
      "geometry": {
        "type": "Point",
        "coordinates": [
          131.40032731,
          34.10496993
        ]
      },
      "properties": {
        "全国地方公共団体コード": null,
        "ID": null,
        "地方公共団体名": null,
        "name": "蔵敷公民館",
        "名称_カナ": null,
        "名称_英字": null,
        "名称_通称": null,
        "POIコード": null,
        "外部識別子": null,
        "外部識別子の値": null,
        "所在地_全国地方公共団体コード": null,
        "町字ID": null,
        "所在地_連結表記": "山口県山口市小郡下郷蔵敷",
        "所在地_都道府県": null,
        "所在地_市区町村": null,
        "所在地_町字": null,
        "所在地_ｰ以下": null,
        "建物名等(方書)": null,
        "高度の種別": null,
        "高度の値": null,
        "電話番号": null,
        "内線番号": null,
        "連絡先メールアドレス": null,
        "連絡先FormURL": null,
        "連絡先備考（その他、SNSなど）": null,
        "郵便番号": null,
        "法人番号": null,
        "団体名": null,
        "利用可能曜日": null,
        "開始時間": null,
        "終了時間": null,
        "利用可能時間特記事項": null,
        "説明": null,
        "車椅子可": null,
        "車椅子貸出": null,
        "ツエ貸出": null,
        "バリアフリートイレ": null,
        "スロープ、エレベータ、エスカレータ": null,
        "点字ブロック等の移動支援": null,
        "点字や読上による支援": null,
        "盲導犬・介助犬、聴導犬同伴": null,
        "字幕": null,
        "筆談対応": null,
        "優先駐車場": null,
        "オストメイト対応トイレ": null,
        "授乳室": null,
        "おむつ替えコーナー": null,
        "飲食可否": null,
        "ベビーカー貸出": null,
        "ベビーカー利用": null,
        "URL": null,
        "画像": null,
        "画像_ライセンス": null,
        "備考": null,
        "データ区分": "自治会公民館等（Mapion調べ）"
      }
    },
    {
      "type": "Feature",
      "geometry": {
        "type": "Point",
        "coordinates": [
          131.40093814,
          34.1018236
        ]
      },
      "properties": {
        "全国地方公共団体コード": null,
        "ID": null,
        "地方公共団体名": null,
        "name": "新丁公民館",
        "名称_カナ": null,
        "名称_英字": null,
        "名称_通称": null,
        "POIコード": null,
        "外部識別子": null,
        "外部識別子の値": null,
        "所在地_全国地方公共団体コード": null,
        "町字ID": null,
        "所在地_連結表記": "山口県山口市小郡下郷新丁",
        "所在地_都道府県": null,
        "所在地_市区町村": null,
        "所在地_町字": null,
        "所在地_ｰ以下": null,
        "建物名等(方書)": null,
        "高度の種別": null,
        "高度の値": null,
        "電話番号": null,
        "内線番号": null,
        "連絡先メールアドレス": null,
        "連絡先FormURL": null,
        "連絡先備考（その他、SNSなど）": null,
        "郵便番号": null,
        "法人番号": null,
        "団体名": null,
        "利用可能曜日": null,
        "開始時間": null,
        "終了時間": null,
        "利用可能時間特記事項": null,
        "説明": null,
        "車椅子可": null,
        "車椅子貸出": null,
        "ツエ貸出": null,
        "バリアフリートイレ": null,
        "スロープ、エレベータ、エスカレータ": null,
        "点字ブロック等の移動支援": null,
        "点字や読上による支援": null,
        "盲導犬・介助犬、聴導犬同伴": null,
        "字幕": null,
        "筆談対応": null,
        "優先駐車場": null,
        "オストメイト対応トイレ": null,
        "授乳室": null,
        "おむつ替えコーナー": null,
        "飲食可否": null,
        "ベビーカー貸出": null,
        "ベビーカー利用": null,
        "URL": null,
        "画像": null,
        "画像_ライセンス": null,
        "備考": null,
        "データ区分": "自治会公民館等（Mapion調べ）"
      }
    },
    {
      "type": "Feature",
      "geometry": {
        "type": "Point",
        "coordinates": [
          131.39152701,
          34.10844155
        ]
      },
      "properties": {
        "全国地方公共団体コード": null,
        "ID": null,
        "地方公共団体名": null,
        "name": "金堀公民館",
        "名称_カナ": null,
        "名称_英字": null,
        "名称_通称": null,
        "POIコード": null,
        "外部識別子": null,
        "外部識別子の値": null,
        "所在地_全国地方公共団体コード": null,
        "町字ID": null,
        "所在地_連結表記": "山口県山口市小郡金堀町１-１",
        "所在地_都道府県": null,
        "所在地_市区町村": null,
        "所在地_町字": null,
        "所在地_ｰ以下": null,
        "建物名等(方書)": null,
        "高度の種別": null,
        "高度の値": null,
        "電話番号": null,
        "内線番号": null,
        "連絡先メールアドレス": null,
        "連絡先FormURL": null,
        "連絡先備考（その他、SNSなど）": null,
        "郵便番号": null,
        "法人番号": null,
        "団体名": null,
        "利用可能曜日": null,
        "開始時間": null,
        "終了時間": null,
        "利用可能時間特記事項": null,
        "説明": null,
        "車椅子可": null,
        "車椅子貸出": null,
        "ツエ貸出": null,
        "バリアフリートイレ": null,
        "スロープ、エレベータ、エスカレータ": null,
        "点字ブロック等の移動支援": null,
        "点字や読上による支援": null,
        "盲導犬・介助犬、聴導犬同伴": null,
        "字幕": null,
        "筆談対応": null,
        "優先駐車場": null,
        "オストメイト対応トイレ": null,
        "授乳室": null,
        "おむつ替えコーナー": null,
        "飲食可否": null,
        "ベビーカー貸出": null,
        "ベビーカー利用": null,
        "URL": null,
        "画像": null,
        "画像_ライセンス": null,
        "備考": null,
        "データ区分": "自治会公民館等（Mapion調べ）"
      }
    },
    {
      "type": "Feature",
      "geometry": {
        "type": "Point",
        "coordinates": [
          131.40389269,
          34.0980155
        ]
      },
      "properties": {
        "全国地方公共団体コード": null,
        "ID": null,
        "地方公共団体名": null,
        "name": "東津公民館",
        "名称_カナ": null,
        "名称_英字": null,
        "名称_通称": null,
        "POIコード": null,
        "外部識別子": null,
        "外部識別子の値": null,
        "所在地_全国地方公共団体コード": null,
        "町字ID": null,
        "所在地_連結表記": "山口県山口市小郡下郷東津中",
        "所在地_都道府県": null,
        "所在地_市区町村": null,
        "所在地_町字": null,
        "所在地_ｰ以下": null,
        "建物名等(方書)": null,
        "高度の種別": null,
        "高度の値": null,
        "電話番号": null,
        "内線番号": null,
        "連絡先メールアドレス": null,
        "連絡先FormURL": null,
        "連絡先備考（その他、SNSなど）": null,
        "郵便番号": null,
        "法人番号": null,
        "団体名": null,
        "利用可能曜日": null,
        "開始時間": null,
        "終了時間": null,
        "利用可能時間特記事項": null,
        "説明": null,
        "車椅子可": null,
        "車椅子貸出": null,
        "ツエ貸出": null,
        "バリアフリートイレ": null,
        "スロープ、エレベータ、エスカレータ": null,
        "点字ブロック等の移動支援": null,
        "点字や読上による支援": null,
        "盲導犬・介助犬、聴導犬同伴": null,
        "字幕": null,
        "筆談対応": null,
        "優先駐車場": null,
        "オストメイト対応トイレ": null,
        "授乳室": null,
        "おむつ替えコーナー": null,
        "飲食可否": null,
        "ベビーカー貸出": null,
        "ベビーカー利用": null,
        "URL": null,
        "画像": null,
        "画像_ライセンス": null,
        "備考": null,
        "データ区分": "自治会公民館等（Mapion調べ）"
      }
    },
    {
      "type": "Feature",
      "geometry": {
        "type": "Point",
        "coordinates": [
          131.39128189,
          34.10265882
        ]
      },
      "properties": {
        "全国地方公共団体コード": null,
        "ID": null,
        "地方公共団体名": null,
        "name": "山手下公民館",
        "名称_カナ": null,
        "名称_英字": null,
        "名称_通称": null,
        "POIコード": null,
        "外部識別子": null,
        "外部識別子の値": null,
        "所在地_全国地方公共団体コード": null,
        "町字ID": null,
        "所在地_連結表記": "山口県山口市小郡下郷山手下６０９-１",
        "所在地_都道府県": null,
        "所在地_市区町村": null,
        "所在地_町字": null,
        "所在地_ｰ以下": null,
        "建物名等(方書)": null,
        "高度の種別": null,
        "高度の値": null,
        "電話番号": null,
        "内線番号": null,
        "連絡先メールアドレス": null,
        "連絡先FormURL": null,
        "連絡先備考（その他、SNSなど）": null,
        "郵便番号": null,
        "法人番号": null,
        "団体名": null,
        "利用可能曜日": null,
        "開始時間": null,
        "終了時間": null,
        "利用可能時間特記事項": null,
        "説明": null,
        "車椅子可": null,
        "車椅子貸出": null,
        "ツエ貸出": null,
        "バリアフリートイレ": null,
        "スロープ、エレベータ、エスカレータ": null,
        "点字ブロック等の移動支援": null,
        "点字や読上による支援": null,
        "盲導犬・介助犬、聴導犬同伴": null,
        "字幕": null,
        "筆談対応": null,
        "優先駐車場": null,
        "オストメイト対応トイレ": null,
        "授乳室": null,
        "おむつ替えコーナー": null,
        "飲食可否": null,
        "ベビーカー貸出": null,
        "ベビーカー利用": null,
        "URL": null,
        "画像": null,
        "画像_ライセンス": null,
        "備考": null,
        "データ区分": "自治会公民館等（Mapion調べ）"
      }
    },
    {
      "type": "Feature",
      "geometry": {
        "type": "Point",
        "coordinates": [
          131.39623943,
          34.09636614
        ]
      },
      "properties": {
        "全国地方公共団体コード": null,
        "ID": null,
        "地方公共団体名": null,
        "name": "明治東公民館",
        "名称_カナ": null,
        "名称_英字": null,
        "名称_通称": null,
        "POIコード": null,
        "外部識別子": null,
        "外部識別子の値": null,
        "所在地_全国地方公共団体コード": null,
        "町字ID": null,
        "所在地_連結表記": "山口県山口市小郡下郷明治東",
        "所在地_都道府県": null,
        "所在地_市区町村": null,
        "所在地_町字": null,
        "所在地_ｰ以下": null,
        "建物名等(方書)": null,
        "高度の種別": null,
        "高度の値": null,
        "電話番号": null,
        "内線番号": null,
        "連絡先メールアドレス": null,
        "連絡先FormURL": null,
        "連絡先備考（その他、SNSなど）": null,
        "郵便番号": null,
        "法人番号": null,
        "団体名": null,
        "利用可能曜日": null,
        "開始時間": null,
        "終了時間": null,
        "利用可能時間特記事項": null,
        "説明": null,
        "車椅子可": null,
        "車椅子貸出": null,
        "ツエ貸出": null,
        "バリアフリートイレ": null,
        "スロープ、エレベータ、エスカレータ": null,
        "点字ブロック等の移動支援": null,
        "点字や読上による支援": null,
        "盲導犬・介助犬、聴導犬同伴": null,
        "字幕": null,
        "筆談対応": null,
        "優先駐車場": null,
        "オストメイト対応トイレ": null,
        "授乳室": null,
        "おむつ替えコーナー": null,
        "飲食可否": null,
        "ベビーカー貸出": null,
        "ベビーカー利用": null,
        "URL": null,
        "画像": null,
        "画像_ライセンス": null,
        "備考": null,
        "データ区分": "自治会公民館等（Mapion調べ）"
      }
    },
    {
      "type": "Feature",
      "geometry": {
        "type": "Point",
        "coordinates": [
          131.39374932,
          34.09759215
        ]
      },
      "properties": {
        "全国地方公共団体コード": null,
        "ID": null,
        "地方公共団体名": null,
        "name": "明治北公民館",
        "名称_カナ": null,
        "名称_英字": null,
        "名称_通称": null,
        "POIコード": null,
        "外部識別子": null,
        "外部識別子の値": null,
        "所在地_全国地方公共団体コード": null,
        "町字ID": null,
        "所在地_連結表記": "山口県山口市小郡下郷明治北",
        "所在地_都道府県": null,
        "所在地_市区町村": null,
        "所在地_町字": null,
        "所在地_ｰ以下": null,
        "建物名等(方書)": null,
        "高度の種別": null,
        "高度の値": null,
        "電話番号": null,
        "内線番号": null,
        "連絡先メールアドレス": null,
        "連絡先FormURL": null,
        "連絡先備考（その他、SNSなど）": null,
        "郵便番号": null,
        "法人番号": null,
        "団体名": null,
        "利用可能曜日": null,
        "開始時間": null,
        "終了時間": null,
        "利用可能時間特記事項": null,
        "説明": null,
        "車椅子可": null,
        "車椅子貸出": null,
        "ツエ貸出": null,
        "バリアフリートイレ": null,
        "スロープ、エレベータ、エスカレータ": null,
        "点字ブロック等の移動支援": null,
        "点字や読上による支援": null,
        "盲導犬・介助犬、聴導犬同伴": null,
        "字幕": null,
        "筆談対応": null,
        "優先駐車場": null,
        "オストメイト対応トイレ": null,
        "授乳室": null,
        "おむつ替えコーナー": null,
        "飲食可否": null,
        "ベビーカー貸出": null,
        "ベビーカー利用": null,
        "URL": null,
        "画像": null,
        "画像_ライセンス": null,
        "備考": null,
        "データ区分": "自治会公民館等（Mapion調べ）"
      }
    },
    {
      "type": "Feature",
      "geometry": {
        "type": "Point",
        "coordinates": [
          131.39056275,
          34.09599717
        ]
      },
      "properties": {
        "全国地方公共団体コード": null,
        "ID": null,
        "地方公共団体名": null,
        "name": "矢足公民館",
        "名称_カナ": null,
        "名称_英字": null,
        "名称_通称": null,
        "POIコード": null,
        "外部識別子": null,
        "外部識別子の値": null,
        "所在地_全国地方公共団体コード": null,
        "町字ID": null,
        "所在地_連結表記": "山口県山口市小郡下郷長谷",
        "所在地_都道府県": null,
        "所在地_市区町村": null,
        "所在地_町字": null,
        "所在地_ｰ以下": null,
        "建物名等(方書)": null,
        "高度の種別": null,
        "高度の値": null,
        "電話番号": null,
        "内線番号": null,
        "連絡先メールアドレス": null,
        "連絡先FormURL": null,
        "連絡先備考（その他、SNSなど）": null,
        "郵便番号": null,
        "法人番号": null,
        "団体名": null,
        "利用可能曜日": null,
        "開始時間": null,
        "終了時間": null,
        "利用可能時間特記事項": null,
        "説明": null,
        "車椅子可": null,
        "車椅子貸出": null,
        "ツエ貸出": null,
        "バリアフリートイレ": null,
        "スロープ、エレベータ、エスカレータ": null,
        "点字ブロック等の移動支援": null,
        "点字や読上による支援": null,
        "盲導犬・介助犬、聴導犬同伴": null,
        "字幕": null,
        "筆談対応": null,
        "優先駐車場": null,
        "オストメイト対応トイレ": null,
        "授乳室": null,
        "おむつ替えコーナー": null,
        "飲食可否": null,
        "ベビーカー貸出": null,
        "ベビーカー利用": null,
        "URL": null,
        "画像": null,
        "画像_ライセンス": null,
        "備考": null,
        "データ区分": "自治会公民館等（Mapion調べ）"
      }
    },
    {
      "type": "Feature",
      "geometry": {
        "type": "Point",
        "coordinates": [
          131.38980686,
          34.08764311
        ]
      },
      "properties": {
        "全国地方公共団体コード": null,
        "ID": null,
        "地方公共団体名": null,
        "name": "柏崎新開公民館",
        "名称_カナ": null,
        "名称_英字": null,
        "名称_通称": null,
        "POIコード": null,
        "外部識別子": null,
        "外部識別子の値": null,
        "所在地_全国地方公共団体コード": null,
        "町字ID": null,
        "所在地_連結表記": "山口県山口市小郡下郷柏崎",
        "所在地_都道府県": null,
        "所在地_市区町村": null,
        "所在地_町字": null,
        "所在地_ｰ以下": null,
        "建物名等(方書)": null,
        "高度の種別": null,
        "高度の値": null,
        "電話番号": null,
        "内線番号": null,
        "連絡先メールアドレス": null,
        "連絡先FormURL": null,
        "連絡先備考（その他、SNSなど）": null,
        "郵便番号": null,
        "法人番号": null,
        "団体名": null,
        "利用可能曜日": null,
        "開始時間": null,
        "終了時間": null,
        "利用可能時間特記事項": null,
        "説明": null,
        "車椅子可": null,
        "車椅子貸出": null,
        "ツエ貸出": null,
        "バリアフリートイレ": null,
        "スロープ、エレベータ、エスカレータ": null,
        "点字ブロック等の移動支援": null,
        "点字や読上による支援": null,
        "盲導犬・介助犬、聴導犬同伴": null,
        "字幕": null,
        "筆談対応": null,
        "優先駐車場": null,
        "オストメイト対応トイレ": null,
        "授乳室": null,
        "おむつ替えコーナー": null,
        "飲食可否": null,
        "ベビーカー貸出": null,
        "ベビーカー利用": null,
        "URL": null,
        "画像": null,
        "画像_ライセンス": null,
        "備考": null,
        "データ区分": "自治会公民館等（Mapion調べ）"
      }
    },
    {
      "type": "Feature",
      "geometry": {
        "type": "Point",
        "coordinates": [
          131.3620507,
          34.06202701
        ]
      },
      "properties": {
        "全国地方公共団体コード": null,
        "ID": null,
        "地方公共団体名": null,
        "name": "高根公民館",
        "名称_カナ": null,
        "名称_英字": null,
        "名称_通称": null,
        "POIコード": null,
        "外部識別子": null,
        "外部識別子の値": null,
        "所在地_全国地方公共団体コード": null,
        "町字ID": null,
        "所在地_連結表記": "山口県山口市江崎３０２４",
        "所在地_都道府県": null,
        "所在地_市区町村": null,
        "所在地_町字": null,
        "所在地_ｰ以下": null,
        "建物名等(方書)": null,
        "高度の種別": null,
        "高度の値": null,
        "電話番号": null,
        "内線番号": null,
        "連絡先メールアドレス": null,
        "連絡先FormURL": null,
        "連絡先備考（その他、SNSなど）": null,
        "郵便番号": null,
        "法人番号": null,
        "団体名": null,
        "利用可能曜日": null,
        "開始時間": null,
        "終了時間": null,
        "利用可能時間特記事項": null,
        "説明": null,
        "車椅子可": null,
        "車椅子貸出": null,
        "ツエ貸出": null,
        "バリアフリートイレ": null,
        "スロープ、エレベータ、エスカレータ": null,
        "点字ブロック等の移動支援": null,
        "点字や読上による支援": null,
        "盲導犬・介助犬、聴導犬同伴": null,
        "字幕": null,
        "筆談対応": null,
        "優先駐車場": null,
        "オストメイト対応トイレ": null,
        "授乳室": null,
        "おむつ替えコーナー": null,
        "飲食可否": null,
        "ベビーカー貸出": null,
        "ベビーカー利用": null,
        "URL": null,
        "画像": null,
        "画像_ライセンス": null,
        "備考": null,
        "データ区分": "自治会公民館等（Mapion調べ）"
      }
    },
    {
      "type": "Feature",
      "geometry": {
        "type": "Point",
        "coordinates": [
          131.43660333,
          34.0280025
        ]
      },
      "properties": {
        "全国地方公共団体コード": null,
        "ID": null,
        "地方公共団体名": null,
        "name": "東天田公民館",
        "名称_カナ": null,
        "名称_英字": null,
        "名称_通称": null,
        "POIコード": null,
        "外部識別子": null,
        "外部識別子の値": null,
        "所在地_全国地方公共団体コード": null,
        "町字ID": null,
        "所在地_連結表記": "山口県山口市秋穂西東天田",
        "所在地_都道府県": null,
        "所在地_市区町村": null,
        "所在地_町字": null,
        "所在地_ｰ以下": null,
        "建物名等(方書)": null,
        "高度の種別": null,
        "高度の値": null,
        "電話番号": null,
        "内線番号": null,
        "連絡先メールアドレス": null,
        "連絡先FormURL": null,
        "連絡先備考（その他、SNSなど）": null,
        "郵便番号": null,
        "法人番号": null,
        "団体名": null,
        "利用可能曜日": null,
        "開始時間": null,
        "終了時間": null,
        "利用可能時間特記事項": null,
        "説明": null,
        "車椅子可": null,
        "車椅子貸出": null,
        "ツエ貸出": null,
        "バリアフリートイレ": null,
        "スロープ、エレベータ、エスカレータ": null,
        "点字ブロック等の移動支援": null,
        "点字や読上による支援": null,
        "盲導犬・介助犬、聴導犬同伴": null,
        "字幕": null,
        "筆談対応": null,
        "優先駐車場": null,
        "オストメイト対応トイレ": null,
        "授乳室": null,
        "おむつ替えコーナー": null,
        "飲食可否": null,
        "ベビーカー貸出": null,
        "ベビーカー利用": null,
        "URL": null,
        "画像": null,
        "画像_ライセンス": null,
        "備考": null,
        "データ区分": "自治会公民館等（Mapion調べ）"
      }
    },
    {
      "type": "Feature",
      "geometry": {
        "type": "Point",
        "coordinates": [
          131.36787665,
          34.03802999
        ]
      },
      "properties": {
        "全国地方公共団体コード": null,
        "ID": null,
        "地方公共団体名": null,
        "name": "遠波自治会",
        "名称_カナ": null,
        "名称_英字": null,
        "名称_通称": null,
        "POIコード": null,
        "外部識別子": null,
        "外部識別子の値": null,
        "所在地_全国地方公共団体コード": null,
        "町字ID": null,
        "所在地_連結表記": "〒754-0894山口県山口市佐山１７８６−６",
        "所在地_都道府県": null,
        "所在地_市区町村": null,
        "所在地_町字": null,
        "所在地_ｰ以下": null,
        "建物名等(方書)": null,
        "高度の種別": null,
        "高度の値": null,
        "電話番号": null,
        "内線番号": null,
        "連絡先メールアドレス": null,
        "連絡先FormURL": null,
        "連絡先備考（その他、SNSなど）": null,
        "郵便番号": null,
        "法人番号": null,
        "団体名": null,
        "利用可能曜日": null,
        "開始時間": null,
        "終了時間": null,
        "利用可能時間特記事項": null,
        "説明": null,
        "車椅子可": null,
        "車椅子貸出": null,
        "ツエ貸出": null,
        "バリアフリートイレ": null,
        "スロープ、エレベータ、エスカレータ": null,
        "点字ブロック等の移動支援": null,
        "点字や読上による支援": null,
        "盲導犬・介助犬、聴導犬同伴": null,
        "字幕": null,
        "筆談対応": null,
        "優先駐車場": null,
        "オストメイト対応トイレ": null,
        "授乳室": null,
        "おむつ替えコーナー": null,
        "飲食可否": null,
        "ベビーカー貸出": null,
        "ベビーカー利用": null,
        "URL": null,
        "画像": null,
        "画像_ライセンス": null,
        "備考": null,
        "データ区分": "自治会公民館等（Mapion調べ）"
      }
    },
    {
      "type": "Feature",
      "geometry": {
        "type": "Point",
        "coordinates": [
          131.43788494,
          34.01302595
        ]
      },
      "properties": {
        "全国地方公共団体コード": null,
        "ID": null,
        "地方公共団体名": null,
        "name": "秋穂コミュニティセンター",
        "名称_カナ": null,
        "名称_英字": null,
        "名称_通称": null,
        "POIコード": null,
        "外部識別子": null,
        "外部識別子の値": null,
        "所在地_全国地方公共団体コード": null,
        "町字ID": null,
        "所在地_連結表記": "〒754-1101山口県山口市秋穂東６５２７−２",
        "所在地_都道府県": null,
        "所在地_市区町村": null,
        "所在地_町字": null,
        "所在地_ｰ以下": null,
        "建物名等(方書)": null,
        "高度の種別": null,
        "高度の値": null,
        "電話番号": null,
        "内線番号": null,
        "連絡先メールアドレス": null,
        "連絡先FormURL": null,
        "連絡先備考（その他、SNSなど）": null,
        "郵便番号": null,
        "法人番号": null,
        "団体名": null,
        "利用可能曜日": null,
        "開始時間": null,
        "終了時間": null,
        "利用可能時間特記事項": null,
        "説明": null,
        "車椅子可": null,
        "車椅子貸出": null,
        "ツエ貸出": null,
        "バリアフリートイレ": null,
        "スロープ、エレベータ、エスカレータ": null,
        "点字ブロック等の移動支援": null,
        "点字や読上による支援": null,
        "盲導犬・介助犬、聴導犬同伴": null,
        "字幕": null,
        "筆談対応": null,
        "優先駐車場": null,
        "オストメイト対応トイレ": null,
        "授乳室": null,
        "おむつ替えコーナー": null,
        "飲食可否": null,
        "ベビーカー貸出": null,
        "ベビーカー利用": null,
        "URL": "https://www.city.yamaguchi.lg.jp/map/7056.html",
        "画像": null,
        "画像_ライセンス": null,
        "備考": null,
        "データ区分": "自治会公民館等（Mapion調べ）"
      }
    },
    {
      "type": "Feature",
      "geometry": {
        "type": "Point",
        "coordinates": [
          131.35793862,
          34.02500859
        ]
      },
      "properties": {
        "全国地方公共団体コード": null,
        "ID": null,
        "地方公共団体名": null,
        "name": "岩倉公民館",
        "名称_カナ": null,
        "名称_英字": null,
        "名称_通称": null,
        "POIコード": null,
        "外部識別子": null,
        "外部識別子の値": null,
        "所在地_全国地方公共団体コード": null,
        "町字ID": null,
        "所在地_連結表記": "山口県山口市阿知須",
        "所在地_都道府県": null,
        "所在地_市区町村": null,
        "所在地_町字": null,
        "所在地_ｰ以下": null,
        "建物名等(方書)": null,
        "高度の種別": null,
        "高度の値": null,
        "電話番号": null,
        "内線番号": null,
        "連絡先メールアドレス": null,
        "連絡先FormURL": null,
        "連絡先備考（その他、SNSなど）": null,
        "郵便番号": null,
        "法人番号": null,
        "団体名": null,
        "利用可能曜日": null,
        "開始時間": null,
        "終了時間": null,
        "利用可能時間特記事項": null,
        "説明": null,
        "車椅子可": null,
        "車椅子貸出": null,
        "ツエ貸出": null,
        "バリアフリートイレ": null,
        "スロープ、エレベータ、エスカレータ": null,
        "点字ブロック等の移動支援": null,
        "点字や読上による支援": null,
        "盲導犬・介助犬、聴導犬同伴": null,
        "字幕": null,
        "筆談対応": null,
        "優先駐車場": null,
        "オストメイト対応トイレ": null,
        "授乳室": null,
        "おむつ替えコーナー": null,
        "飲食可否": null,
        "ベビーカー貸出": null,
        "ベビーカー利用": null,
        "URL": null,
        "画像": null,
        "画像_ライセンス": null,
        "備考": null,
        "データ区分": "自治会公民館等（Mapion調べ）"
      }
    },
    {
      "type": "Feature",
      "geometry": {
        "type": "Point",
        "coordinates": [
          131.34875986,
          34.02129794
        ]
      },
      "properties": {
        "全国地方公共団体コード": null,
        "ID": null,
        "地方公共団体名": null,
        "name": "旦公民館",
        "名称_カナ": null,
        "名称_英字": null,
        "名称_通称": null,
        "POIコード": null,
        "外部識別子": null,
        "外部識別子の値": null,
        "所在地_全国地方公共団体コード": null,
        "町字ID": null,
        "所在地_連結表記": "山口県山口市阿知須",
        "所在地_都道府県": null,
        "所在地_市区町村": null,
        "所在地_町字": null,
        "所在地_ｰ以下": null,
        "建物名等(方書)": null,
        "高度の種別": null,
        "高度の値": null,
        "電話番号": null,
        "内線番号": null,
        "連絡先メールアドレス": null,
        "連絡先FormURL": null,
        "連絡先備考（その他、SNSなど）": null,
        "郵便番号": null,
        "法人番号": null,
        "団体名": null,
        "利用可能曜日": null,
        "開始時間": null,
        "終了時間": null,
        "利用可能時間特記事項": null,
        "説明": null,
        "車椅子可": null,
        "車椅子貸出": null,
        "ツエ貸出": null,
        "バリアフリートイレ": null,
        "スロープ、エレベータ、エスカレータ": null,
        "点字ブロック等の移動支援": null,
        "点字や読上による支援": null,
        "盲導犬・介助犬、聴導犬同伴": null,
        "字幕": null,
        "筆談対応": null,
        "優先駐車場": null,
        "オストメイト対応トイレ": null,
        "授乳室": null,
        "おむつ替えコーナー": null,
        "飲食可否": null,
        "ベビーカー貸出": null,
        "ベビーカー利用": null,
        "URL": null,
        "画像": null,
        "画像_ライセンス": null,
        "備考": null,
        "データ区分": "自治会公民館等（Mapion調べ）"
      }
    },
    {
      "type": "Feature",
      "geometry": {
        "type": "Point",
        "coordinates": [
          131.360149,
          34.01524426
        ]
      },
      "properties": {
        "全国地方公共団体コード": null,
        "ID": null,
        "地方公共団体名": null,
        "name": "飛石公民館",
        "名称_カナ": null,
        "名称_英字": null,
        "名称_通称": null,
        "POIコード": null,
        "外部識別子": null,
        "外部識別子の値": null,
        "所在地_全国地方公共団体コード": null,
        "町字ID": null,
        "所在地_連結表記": "山口県山口市阿知須２７９２",
        "所在地_都道府県": null,
        "所在地_市区町村": null,
        "所在地_町字": null,
        "所在地_ｰ以下": null,
        "建物名等(方書)": null,
        "高度の種別": null,
        "高度の値": null,
        "電話番号": null,
        "内線番号": null,
        "連絡先メールアドレス": null,
        "連絡先FormURL": null,
        "連絡先備考（その他、SNSなど）": null,
        "郵便番号": null,
        "法人番号": null,
        "団体名": null,
        "利用可能曜日": null,
        "開始時間": null,
        "終了時間": null,
        "利用可能時間特記事項": null,
        "説明": null,
        "車椅子可": null,
        "車椅子貸出": null,
        "ツエ貸出": null,
        "バリアフリートイレ": null,
        "スロープ、エレベータ、エスカレータ": null,
        "点字ブロック等の移動支援": null,
        "点字や読上による支援": null,
        "盲導犬・介助犬、聴導犬同伴": null,
        "字幕": null,
        "筆談対応": null,
        "優先駐車場": null,
        "オストメイト対応トイレ": null,
        "授乳室": null,
        "おむつ替えコーナー": null,
        "飲食可否": null,
        "ベビーカー貸出": null,
        "ベビーカー利用": null,
        "URL": null,
        "画像": null,
        "画像_ライセンス": null,
        "備考": null,
        "データ区分": "自治会公民館等（Mapion調べ）"
      }
    },
    {
      "type": "Feature",
      "geometry": {
        "type": "Point",
        "coordinates": [
          131.36371331,
          34.01075254
        ]
      },
      "properties": {
        "全国地方公共団体コード": null,
        "ID": null,
        "地方公共団体名": null,
        "name": "砂郷公民館",
        "名称_カナ": null,
        "名称_英字": null,
        "名称_通称": null,
        "POIコード": null,
        "外部識別子": null,
        "外部識別子の値": null,
        "所在地_全国地方公共団体コード": null,
        "町字ID": null,
        "所在地_連結表記": "山口県山口市阿知須",
        "所在地_都道府県": null,
        "所在地_市区町村": null,
        "所在地_町字": null,
        "所在地_ｰ以下": null,
        "建物名等(方書)": null,
        "高度の種別": null,
        "高度の値": null,
        "電話番号": null,
        "内線番号": null,
        "連絡先メールアドレス": null,
        "連絡先FormURL": null,
        "連絡先備考（その他、SNSなど）": null,
        "郵便番号": null,
        "法人番号": null,
        "団体名": null,
        "利用可能曜日": null,
        "開始時間": null,
        "終了時間": null,
        "利用可能時間特記事項": null,
        "説明": null,
        "車椅子可": null,
        "車椅子貸出": null,
        "ツエ貸出": null,
        "バリアフリートイレ": null,
        "スロープ、エレベータ、エスカレータ": null,
        "点字ブロック等の移動支援": null,
        "点字や読上による支援": null,
        "盲導犬・介助犬、聴導犬同伴": null,
        "字幕": null,
        "筆談対応": null,
        "優先駐車場": null,
        "オストメイト対応トイレ": null,
        "授乳室": null,
        "おむつ替えコーナー": null,
        "飲食可否": null,
        "ベビーカー貸出": null,
        "ベビーカー利用": null,
        "URL": null,
        "画像": null,
        "画像_ライセンス": null,
        "備考": null,
        "データ区分": "自治会公民館等（Mapion調べ）"
      }
    },
    {
      "type": "Feature",
      "geometry": {
        "type": "Point",
        "coordinates": [
          131.35218973,
          34.01504872
        ]
      },
      "properties": {
        "全国地方公共団体コード": null,
        "ID": null,
        "地方公共団体名": null,
        "name": "沖の原公民館",
        "名称_カナ": null,
        "名称_英字": null,
        "名称_通称": null,
        "POIコード": null,
        "外部識別子": null,
        "外部識別子の値": null,
        "所在地_全国地方公共団体コード": null,
        "町字ID": null,
        "所在地_連結表記": "山口県山口市阿知須沖の原",
        "所在地_都道府県": null,
        "所在地_市区町村": null,
        "所在地_町字": null,
        "所在地_ｰ以下": null,
        "建物名等(方書)": null,
        "高度の種別": null,
        "高度の値": null,
        "電話番号": null,
        "内線番号": null,
        "連絡先メールアドレス": null,
        "連絡先FormURL": null,
        "連絡先備考（その他、SNSなど）": null,
        "郵便番号": null,
        "法人番号": null,
        "団体名": null,
        "利用可能曜日": null,
        "開始時間": null,
        "終了時間": null,
        "利用可能時間特記事項": null,
        "説明": null,
        "車椅子可": null,
        "車椅子貸出": null,
        "ツエ貸出": null,
        "バリアフリートイレ": null,
        "スロープ、エレベータ、エスカレータ": null,
        "点字ブロック等の移動支援": null,
        "点字や読上による支援": null,
        "盲導犬・介助犬、聴導犬同伴": null,
        "字幕": null,
        "筆談対応": null,
        "優先駐車場": null,
        "オストメイト対応トイレ": null,
        "授乳室": null,
        "おむつ替えコーナー": null,
        "飲食可否": null,
        "ベビーカー貸出": null,
        "ベビーカー利用": null,
        "URL": null,
        "画像": null,
        "画像_ライセンス": null,
        "備考": null,
        "データ区分": "自治会公民館等（Mapion調べ）"
      }
    },
    {
      "type": "Feature",
      "geometry": {
        "type": "Point",
        "coordinates": [
          131.35774367,
          34.0101015
        ]
      },
      "properties": {
        "全国地方公共団体コード": null,
        "ID": null,
        "地方公共団体名": null,
        "name": "浜公民館",
        "名称_カナ": null,
        "名称_英字": null,
        "名称_通称": null,
        "POIコード": null,
        "外部識別子": null,
        "外部識別子の値": null,
        "所在地_全国地方公共団体コード": null,
        "町字ID": null,
        "所在地_連結表記": "山口県山口市阿知須浜",
        "所在地_都道府県": null,
        "所在地_市区町村": null,
        "所在地_町字": null,
        "所在地_ｰ以下": null,
        "建物名等(方書)": null,
        "高度の種別": null,
        "高度の値": null,
        "電話番号": null,
        "内線番号": null,
        "連絡先メールアドレス": null,
        "連絡先FormURL": null,
        "連絡先備考（その他、SNSなど）": null,
        "郵便番号": null,
        "法人番号": null,
        "団体名": null,
        "利用可能曜日": null,
        "開始時間": null,
        "終了時間": null,
        "利用可能時間特記事項": null,
        "説明": null,
        "車椅子可": null,
        "車椅子貸出": null,
        "ツエ貸出": null,
        "バリアフリートイレ": null,
        "スロープ、エレベータ、エスカレータ": null,
        "点字ブロック等の移動支援": null,
        "点字や読上による支援": null,
        "盲導犬・介助犬、聴導犬同伴": null,
        "字幕": null,
        "筆談対応": null,
        "優先駐車場": null,
        "オストメイト対応トイレ": null,
        "授乳室": null,
        "おむつ替えコーナー": null,
        "飲食可否": null,
        "ベビーカー貸出": null,
        "ベビーカー利用": null,
        "URL": null,
        "画像": null,
        "画像_ライセンス": null,
        "備考": null,
        "データ区分": "自治会公民館等（Mapion調べ）"
      }
    },
    {
      "type": "Feature",
      "geometry": {
        "type": "Point",
        "coordinates": [
          131.36448157,
          34.00623928
        ]
      },
      "properties": {
        "全国地方公共団体コード": null,
        "ID": null,
        "地方公共団体名": null,
        "name": "縄田コミュニティセンター",
        "名称_カナ": null,
        "名称_英字": null,
        "名称_通称": null,
        "POIコード": null,
        "外部識別子": null,
        "外部識別子の値": null,
        "所在地_全国地方公共団体コード": null,
        "町字ID": null,
        "所在地_連結表記": "山口県山口市阿知須９０１１-２",
        "所在地_都道府県": null,
        "所在地_市区町村": null,
        "所在地_町字": null,
        "所在地_ｰ以下": null,
        "建物名等(方書)": null,
        "高度の種別": null,
        "高度の値": null,
        "電話番号": null,
        "内線番号": null,
        "連絡先メールアドレス": null,
        "連絡先FormURL": null,
        "連絡先備考（その他、SNSなど）": null,
        "郵便番号": null,
        "法人番号": null,
        "団体名": null,
        "利用可能曜日": null,
        "開始時間": null,
        "終了時間": null,
        "利用可能時間特記事項": null,
        "説明": null,
        "車椅子可": null,
        "車椅子貸出": null,
        "ツエ貸出": null,
        "バリアフリートイレ": null,
        "スロープ、エレベータ、エスカレータ": null,
        "点字ブロック等の移動支援": null,
        "点字や読上による支援": null,
        "盲導犬・介助犬、聴導犬同伴": null,
        "字幕": null,
        "筆談対応": null,
        "優先駐車場": null,
        "オストメイト対応トイレ": null,
        "授乳室": null,
        "おむつ替えコーナー": null,
        "飲食可否": null,
        "ベビーカー貸出": null,
        "ベビーカー利用": null,
        "URL": null,
        "画像": null,
        "画像_ライセンス": null,
        "備考": null,
        "データ区分": "自治会公民館等（Mapion調べ）"
      }
    },
    {
      "type": "Feature",
      "geometry": {
        "type": "Point",
        "coordinates": [
          131.36232139,
          34.00515426
        ]
      },
      "properties": {
        "全国地方公共団体コード": null,
        "ID": null,
        "地方公共団体名": null,
        "name": "東条公民館",
        "名称_カナ": null,
        "名称_英字": null,
        "名称_通称": null,
        "POIコード": null,
        "外部識別子": null,
        "外部識別子の値": null,
        "所在地_全国地方公共団体コード": null,
        "町字ID": null,
        "所在地_連結表記": "山口県山口市阿知須",
        "所在地_都道府県": null,
        "所在地_市区町村": null,
        "所在地_町字": null,
        "所在地_ｰ以下": null,
        "建物名等(方書)": null,
        "高度の種別": null,
        "高度の値": null,
        "電話番号": null,
        "内線番号": null,
        "連絡先メールアドレス": null,
        "連絡先FormURL": null,
        "連絡先備考（その他、SNSなど）": null,
        "郵便番号": null,
        "法人番号": null,
        "団体名": null,
        "利用可能曜日": null,
        "開始時間": null,
        "終了時間": null,
        "利用可能時間特記事項": null,
        "説明": null,
        "車椅子可": null,
        "車椅子貸出": null,
        "ツエ貸出": null,
        "バリアフリートイレ": null,
        "スロープ、エレベータ、エスカレータ": null,
        "点字ブロック等の移動支援": null,
        "点字や読上による支援": null,
        "盲導犬・介助犬、聴導犬同伴": null,
        "字幕": null,
        "筆談対応": null,
        "優先駐車場": null,
        "オストメイト対応トイレ": null,
        "授乳室": null,
        "おむつ替えコーナー": null,
        "飲食可否": null,
        "ベビーカー貸出": null,
        "ベビーカー利用": null,
        "URL": null,
        "画像": null,
        "画像_ライセンス": null,
        "備考": null,
        "データ区分": "自治会公民館等（Mapion調べ）"
      }
    },
    {
      "type": "Feature",
      "geometry": {
        "type": "Point",
        "coordinates": [
          131.33699352,
          34.0178585
        ]
      },
      "properties": {
        "全国地方公共団体コード": null,
        "ID": null,
        "地方公共団体名": null,
        "name": "河内公民館",
        "名称_カナ": null,
        "名称_英字": null,
        "名称_通称": null,
        "POIコード": null,
        "外部識別子": null,
        "外部識別子の値": null,
        "所在地_全国地方公共団体コード": null,
        "町字ID": null,
        "所在地_連結表記": "山口県山口市阿知須河内",
        "所在地_都道府県": null,
        "所在地_市区町村": null,
        "所在地_町字": null,
        "所在地_ｰ以下": null,
        "建物名等(方書)": null,
        "高度の種別": null,
        "高度の値": null,
        "電話番号": null,
        "内線番号": null,
        "連絡先メールアドレス": null,
        "連絡先FormURL": null,
        "連絡先備考（その他、SNSなど）": null,
        "郵便番号": null,
        "法人番号": null,
        "団体名": null,
        "利用可能曜日": null,
        "開始時間": null,
        "終了時間": null,
        "利用可能時間特記事項": null,
        "説明": null,
        "車椅子可": null,
        "車椅子貸出": null,
        "ツエ貸出": null,
        "バリアフリートイレ": null,
        "スロープ、エレベータ、エスカレータ": null,
        "点字ブロック等の移動支援": null,
        "点字や読上による支援": null,
        "盲導犬・介助犬、聴導犬同伴": null,
        "字幕": null,
        "筆談対応": null,
        "優先駐車場": null,
        "オストメイト対応トイレ": null,
        "授乳室": null,
        "おむつ替えコーナー": null,
        "飲食可否": null,
        "ベビーカー貸出": null,
        "ベビーカー利用": null,
        "URL": null,
        "画像": null,
        "画像_ライセンス": null,
        "備考": null,
        "データ区分": "自治会公民館等（Mapion調べ）"
      }
    },
    {
      "type": "Feature",
      "geometry": {
        "type": "Point",
        "coordinates": [
          131.34169368,
          34.01475555
        ]
      },
      "properties": {
        "全国地方公共団体コード": null,
        "ID": null,
        "地方公共団体名": null,
        "name": "岡公民館",
        "名称_カナ": null,
        "名称_英字": null,
        "名称_通称": null,
        "POIコード": null,
        "外部識別子": null,
        "外部識別子の値": null,
        "所在地_全国地方公共団体コード": null,
        "町字ID": null,
        "所在地_連結表記": "山口県山口市阿知須岡",
        "所在地_都道府県": null,
        "所在地_市区町村": null,
        "所在地_町字": null,
        "所在地_ｰ以下": null,
        "建物名等(方書)": null,
        "高度の種別": null,
        "高度の値": null,
        "電話番号": null,
        "内線番号": null,
        "連絡先メールアドレス": null,
        "連絡先FormURL": null,
        "連絡先備考（その他、SNSなど）": null,
        "郵便番号": null,
        "法人番号": null,
        "団体名": null,
        "利用可能曜日": null,
        "開始時間": null,
        "終了時間": null,
        "利用可能時間特記事項": null,
        "説明": null,
        "車椅子可": null,
        "車椅子貸出": null,
        "ツエ貸出": null,
        "バリアフリートイレ": null,
        "スロープ、エレベータ、エスカレータ": null,
        "点字ブロック等の移動支援": null,
        "点字や読上による支援": null,
        "盲導犬・介助犬、聴導犬同伴": null,
        "字幕": null,
        "筆談対応": null,
        "優先駐車場": null,
        "オストメイト対応トイレ": null,
        "授乳室": null,
        "おむつ替えコーナー": null,
        "飲食可否": null,
        "ベビーカー貸出": null,
        "ベビーカー利用": null,
        "URL": null,
        "画像": null,
        "画像_ライセンス": null,
        "備考": null,
        "データ区分": "自治会公民館等（Mapion調べ）"
      }
    },
    {
      "type": "Feature",
      "geometry": {
        "type": "Point",
        "coordinates": [
          131.35465605,
          34.00652115
        ]
      },
      "properties": {
        "全国地方公共団体コード": null,
        "ID": null,
        "地方公共団体名": null,
        "name": "西祝コミュニティセンター",
        "名称_カナ": null,
        "名称_英字": null,
        "名称_通称": null,
        "POIコード": null,
        "外部識別子": null,
        "外部識別子の値": null,
        "所在地_全国地方公共団体コード": null,
        "町字ID": null,
        "所在地_連結表記": "山口県山口市阿知須西祝",
        "所在地_都道府県": null,
        "所在地_市区町村": null,
        "所在地_町字": null,
        "所在地_ｰ以下": null,
        "建物名等(方書)": null,
        "高度の種別": null,
        "高度の値": null,
        "電話番号": null,
        "内線番号": null,
        "連絡先メールアドレス": null,
        "連絡先FormURL": null,
        "連絡先備考（その他、SNSなど）": null,
        "郵便番号": null,
        "法人番号": null,
        "団体名": null,
        "利用可能曜日": null,
        "開始時間": null,
        "終了時間": null,
        "利用可能時間特記事項": null,
        "説明": null,
        "車椅子可": null,
        "車椅子貸出": null,
        "ツエ貸出": null,
        "バリアフリートイレ": null,
        "スロープ、エレベータ、エスカレータ": null,
        "点字ブロック等の移動支援": null,
        "点字や読上による支援": null,
        "盲導犬・介助犬、聴導犬同伴": null,
        "字幕": null,
        "筆談対応": null,
        "優先駐車場": null,
        "オストメイト対応トイレ": null,
        "授乳室": null,
        "おむつ替えコーナー": null,
        "飲食可否": null,
        "ベビーカー貸出": null,
        "ベビーカー利用": null,
        "URL": null,
        "画像": null,
        "画像_ライセンス": null,
        "備考": null,
        "データ区分": "自治会公民館等（Mapion調べ）"
      }
    },
    {
      "type": "Feature",
      "geometry": {
        "type": "Point",
        "coordinates": [
          131.35251972,
          34.00718293
        ]
      },
      "properties": {
        "全国地方公共団体コード": null,
        "ID": null,
        "地方公共団体名": null,
        "name": "二の宮コミュニティセンター",
        "名称_カナ": null,
        "名称_英字": null,
        "名称_通称": null,
        "POIコード": null,
        "外部識別子": null,
        "外部識別子の値": null,
        "所在地_全国地方公共団体コード": null,
        "町字ID": null,
        "所在地_連結表記": "山口県山口市阿知須",
        "所在地_都道府県": null,
        "所在地_市区町村": null,
        "所在地_町字": null,
        "所在地_ｰ以下": null,
        "建物名等(方書)": null,
        "高度の種別": null,
        "高度の値": null,
        "電話番号": null,
        "内線番号": null,
        "連絡先メールアドレス": null,
        "連絡先FormURL": null,
        "連絡先備考（その他、SNSなど）": null,
        "郵便番号": null,
        "法人番号": null,
        "団体名": null,
        "利用可能曜日": null,
        "開始時間": null,
        "終了時間": null,
        "利用可能時間特記事項": null,
        "説明": null,
        "車椅子可": null,
        "車椅子貸出": null,
        "ツエ貸出": null,
        "バリアフリートイレ": null,
        "スロープ、エレベータ、エスカレータ": null,
        "点字ブロック等の移動支援": null,
        "点字や読上による支援": null,
        "盲導犬・介助犬、聴導犬同伴": null,
        "字幕": null,
        "筆談対応": null,
        "優先駐車場": null,
        "オストメイト対応トイレ": null,
        "授乳室": null,
        "おむつ替えコーナー": null,
        "飲食可否": null,
        "ベビーカー貸出": null,
        "ベビーカー利用": null,
        "URL": null,
        "画像": null,
        "画像_ライセンス": null,
        "備考": null,
        "データ区分": "自治会公民館等（Mapion調べ）"
      }
    },
    {
      "type": "Feature",
      "geometry": {
        "type": "Point",
        "coordinates": [
          131.34577005,
          34.01015556
        ]
      },
      "properties": {
        "全国地方公共団体コード": null,
        "ID": null,
        "地方公共団体名": null,
        "name": "浜表公民館",
        "名称_カナ": null,
        "名称_英字": null,
        "名称_通称": null,
        "POIコード": null,
        "外部識別子": null,
        "外部識別子の値": null,
        "所在地_全国地方公共団体コード": null,
        "町字ID": null,
        "所在地_連結表記": "山口県山口市阿知須浜表",
        "所在地_都道府県": null,
        "所在地_市区町村": null,
        "所在地_町字": null,
        "所在地_ｰ以下": null,
        "建物名等(方書)": null,
        "高度の種別": null,
        "高度の値": null,
        "電話番号": null,
        "内線番号": null,
        "連絡先メールアドレス": null,
        "連絡先FormURL": null,
        "連絡先備考（その他、SNSなど）": null,
        "郵便番号": null,
        "法人番号": null,
        "団体名": null,
        "利用可能曜日": null,
        "開始時間": null,
        "終了時間": null,
        "利用可能時間特記事項": null,
        "説明": null,
        "車椅子可": null,
        "車椅子貸出": null,
        "ツエ貸出": null,
        "バリアフリートイレ": null,
        "スロープ、エレベータ、エスカレータ": null,
        "点字ブロック等の移動支援": null,
        "点字や読上による支援": null,
        "盲導犬・介助犬、聴導犬同伴": null,
        "字幕": null,
        "筆談対応": null,
        "優先駐車場": null,
        "オストメイト対応トイレ": null,
        "授乳室": null,
        "おむつ替えコーナー": null,
        "飲食可否": null,
        "ベビーカー貸出": null,
        "ベビーカー利用": null,
        "URL": null,
        "画像": null,
        "画像_ライセンス": null,
        "備考": null,
        "データ区分": "自治会公民館等（Mapion調べ）"
      }
    },
    {
      "type": "Feature",
      "geometry": {
        "type": "Point",
        "coordinates": [
          131.34282879,
          34.0075516
        ]
      },
      "properties": {
        "全国地方公共団体コード": null,
        "ID": null,
        "地方公共団体名": null,
        "name": "赤迫公民館",
        "名称_カナ": null,
        "名称_英字": null,
        "名称_通称": null,
        "POIコード": null,
        "外部識別子": null,
        "外部識別子の値": null,
        "所在地_全国地方公共団体コード": null,
        "町字ID": null,
        "所在地_連結表記": "山口県山口市阿知須赤迫",
        "所在地_都道府県": null,
        "所在地_市区町村": null,
        "所在地_町字": null,
        "所在地_ｰ以下": null,
        "建物名等(方書)": null,
        "高度の種別": null,
        "高度の値": null,
        "電話番号": null,
        "内線番号": null,
        "連絡先メールアドレス": null,
        "連絡先FormURL": null,
        "連絡先備考（その他、SNSなど）": null,
        "郵便番号": null,
        "法人番号": null,
        "団体名": null,
        "利用可能曜日": null,
        "開始時間": null,
        "終了時間": null,
        "利用可能時間特記事項": null,
        "説明": null,
        "車椅子可": null,
        "車椅子貸出": null,
        "ツエ貸出": null,
        "バリアフリートイレ": null,
        "スロープ、エレベータ、エスカレータ": null,
        "点字ブロック等の移動支援": null,
        "点字や読上による支援": null,
        "盲導犬・介助犬、聴導犬同伴": null,
        "字幕": null,
        "筆談対応": null,
        "優先駐車場": null,
        "オストメイト対応トイレ": null,
        "授乳室": null,
        "おむつ替えコーナー": null,
        "飲食可否": null,
        "ベビーカー貸出": null,
        "ベビーカー利用": null,
        "URL": null,
        "画像": null,
        "画像_ライセンス": null,
        "備考": null,
        "データ区分": "自治会公民館等（Mapion調べ）"
      }
    },
    {
      "type": "Feature",
      "geometry": {
        "type": "Point",
        "coordinates": [
          131.33296625,
          34.01215158
        ]
      },
      "properties": {
        "全国地方公共団体コード": null,
        "ID": null,
        "地方公共団体名": null,
        "name": "野口公民館",
        "名称_カナ": null,
        "名称_英字": null,
        "名称_通称": null,
        "POIコード": null,
        "外部識別子": null,
        "外部識別子の値": null,
        "所在地_全国地方公共団体コード": null,
        "町字ID": null,
        "所在地_連結表記": "山口県山口市阿知須野口",
        "所在地_都道府県": null,
        "所在地_市区町村": null,
        "所在地_町字": null,
        "所在地_ｰ以下": null,
        "建物名等(方書)": null,
        "高度の種別": null,
        "高度の値": null,
        "電話番号": null,
        "内線番号": null,
        "連絡先メールアドレス": null,
        "連絡先FormURL": null,
        "連絡先備考（その他、SNSなど）": null,
        "郵便番号": null,
        "法人番号": null,
        "団体名": null,
        "利用可能曜日": null,
        "開始時間": null,
        "終了時間": null,
        "利用可能時間特記事項": null,
        "説明": null,
        "車椅子可": null,
        "車椅子貸出": null,
        "ツエ貸出": null,
        "バリアフリートイレ": null,
        "スロープ、エレベータ、エスカレータ": null,
        "点字ブロック等の移動支援": null,
        "点字や読上による支援": null,
        "盲導犬・介助犬、聴導犬同伴": null,
        "字幕": null,
        "筆談対応": null,
        "優先駐車場": null,
        "オストメイト対応トイレ": null,
        "授乳室": null,
        "おむつ替えコーナー": null,
        "飲食可否": null,
        "ベビーカー貸出": null,
        "ベビーカー利用": null,
        "URL": null,
        "画像": null,
        "画像_ライセンス": null,
        "備考": null,
        "データ区分": "自治会公民館等（Mapion調べ）"
      }
    },
    {
      "type": "Feature",
      "geometry": {
        "type": "Point",
        "coordinates": [
          131.33699379,
          34.00843028
        ]
      },
      "properties": {
        "全国地方公共団体コード": null,
        "ID": null,
        "地方公共団体名": null,
        "name": "井関公民館",
        "名称_カナ": null,
        "名称_英字": null,
        "名称_通称": null,
        "POIコード": null,
        "外部識別子": null,
        "外部識別子の値": null,
        "所在地_全国地方公共団体コード": null,
        "町字ID": null,
        "所在地_連結表記": "山口県山口市阿知須井関",
        "所在地_都道府県": null,
        "所在地_市区町村": null,
        "所在地_町字": null,
        "所在地_ｰ以下": null,
        "建物名等(方書)": null,
        "高度の種別": null,
        "高度の値": null,
        "電話番号": null,
        "内線番号": null,
        "連絡先メールアドレス": null,
        "連絡先FormURL": null,
        "連絡先備考（その他、SNSなど）": null,
        "郵便番号": null,
        "法人番号": null,
        "団体名": null,
        "利用可能曜日": null,
        "開始時間": null,
        "終了時間": null,
        "利用可能時間特記事項": null,
        "説明": null,
        "車椅子可": null,
        "車椅子貸出": null,
        "ツエ貸出": null,
        "バリアフリートイレ": null,
        "スロープ、エレベータ、エスカレータ": null,
        "点字ブロック等の移動支援": null,
        "点字や読上による支援": null,
        "盲導犬・介助犬、聴導犬同伴": null,
        "字幕": null,
        "筆談対応": null,
        "優先駐車場": null,
        "オストメイト対応トイレ": null,
        "授乳室": null,
        "おむつ替えコーナー": null,
        "飲食可否": null,
        "ベビーカー貸出": null,
        "ベビーカー利用": null,
        "URL": null,
        "画像": null,
        "画像_ライセンス": null,
        "備考": null,
        "データ区分": "自治会公民館等（Mapion調べ）"
      }
    },
    {
      "type": "Feature",
      "geometry": {
        "type": "Point",
        "coordinates": [
          131.32094251,
          34.01661043
        ]
      },
      "properties": {
        "全国地方公共団体コード": null,
        "ID": null,
        "地方公共団体名": null,
        "name": "源河公民館",
        "名称_カナ": null,
        "名称_英字": null,
        "名称_通称": null,
        "POIコード": null,
        "外部識別子": null,
        "外部識別子の値": null,
        "所在地_全国地方公共団体コード": null,
        "町字ID": null,
        "所在地_連結表記": "山口県山口市阿知須源河",
        "所在地_都道府県": null,
        "所在地_市区町村": null,
        "所在地_町字": null,
        "所在地_ｰ以下": null,
        "建物名等(方書)": null,
        "高度の種別": null,
        "高度の値": null,
        "電話番号": null,
        "内線番号": null,
        "連絡先メールアドレス": null,
        "連絡先FormURL": null,
        "連絡先備考（その他、SNSなど）": null,
        "郵便番号": null,
        "法人番号": null,
        "団体名": null,
        "利用可能曜日": null,
        "開始時間": null,
        "終了時間": null,
        "利用可能時間特記事項": null,
        "説明": null,
        "車椅子可": null,
        "車椅子貸出": null,
        "ツエ貸出": null,
        "バリアフリートイレ": null,
        "スロープ、エレベータ、エスカレータ": null,
        "点字ブロック等の移動支援": null,
        "点字や読上による支援": null,
        "盲導犬・介助犬、聴導犬同伴": null,
        "字幕": null,
        "筆談対応": null,
        "優先駐車場": null,
        "オストメイト対応トイレ": null,
        "授乳室": null,
        "おむつ替えコーナー": null,
        "飲食可否": null,
        "ベビーカー貸出": null,
        "ベビーカー利用": null,
        "URL": null,
        "画像": null,
        "画像_ライセンス": null,
        "備考": null,
        "データ区分": "自治会公民館等（Mapion調べ）"
      }
    },
    {
      "type": "Feature",
      "geometry": {
        "type": "Point",
        "coordinates": [
          131.32898654,
          34.01084955
        ]
      },
      "properties": {
        "全国地方公共団体コード": null,
        "ID": null,
        "地方公共団体名": null,
        "name": "杖川コミュニティセンター",
        "名称_カナ": null,
        "名称_英字": null,
        "名称_通称": null,
        "POIコード": null,
        "外部識別子": null,
        "外部識別子の値": null,
        "所在地_全国地方公共団体コード": null,
        "町字ID": null,
        "所在地_連結表記": "山口県山口市阿知須杖川",
        "所在地_都道府県": null,
        "所在地_市区町村": null,
        "所在地_町字": null,
        "所在地_ｰ以下": null,
        "建物名等(方書)": null,
        "高度の種別": null,
        "高度の値": null,
        "電話番号": null,
        "内線番号": null,
        "連絡先メールアドレス": null,
        "連絡先FormURL": null,
        "連絡先備考（その他、SNSなど）": null,
        "郵便番号": null,
        "法人番号": null,
        "団体名": null,
        "利用可能曜日": null,
        "開始時間": null,
        "終了時間": null,
        "利用可能時間特記事項": null,
        "説明": null,
        "車椅子可": null,
        "車椅子貸出": null,
        "ツエ貸出": null,
        "バリアフリートイレ": null,
        "スロープ、エレベータ、エスカレータ": null,
        "点字ブロック等の移動支援": null,
        "点字や読上による支援": null,
        "盲導犬・介助犬、聴導犬同伴": null,
        "字幕": null,
        "筆談対応": null,
        "優先駐車場": null,
        "オストメイト対応トイレ": null,
        "授乳室": null,
        "おむつ替えコーナー": null,
        "飲食可否": null,
        "ベビーカー貸出": null,
        "ベビーカー利用": null,
        "URL": null,
        "画像": null,
        "画像_ライセンス": null,
        "備考": null,
        "データ区分": "自治会公民館等（Mapion調べ）"
      }
    },
    {
      "type": "Feature",
      "geometry": {
        "type": "Point",
        "coordinates": [
          131.33402872,
          34.00261489
        ]
      },
      "properties": {
        "全国地方公共団体コード": null,
        "ID": null,
        "地方公共団体名": null,
        "name": "向井関仙在公民館",
        "名称_カナ": null,
        "名称_英字": null,
        "名称_通称": null,
        "POIコード": null,
        "外部識別子": null,
        "外部識別子の値": null,
        "所在地_全国地方公共団体コード": null,
        "町字ID": null,
        "所在地_連結表記": "山口県山口市阿知須仙在",
        "所在地_都道府県": null,
        "所在地_市区町村": null,
        "所在地_町字": null,
        "所在地_ｰ以下": null,
        "建物名等(方書)": null,
        "高度の種別": null,
        "高度の値": null,
        "電話番号": null,
        "内線番号": null,
        "連絡先メールアドレス": null,
        "連絡先FormURL": null,
        "連絡先備考（その他、SNSなど）": null,
        "郵便番号": null,
        "法人番号": null,
        "団体名": null,
        "利用可能曜日": null,
        "開始時間": null,
        "終了時間": null,
        "利用可能時間特記事項": null,
        "説明": null,
        "車椅子可": null,
        "車椅子貸出": null,
        "ツエ貸出": null,
        "バリアフリートイレ": null,
        "スロープ、エレベータ、エスカレータ": null,
        "点字ブロック等の移動支援": null,
        "点字や読上による支援": null,
        "盲導犬・介助犬、聴導犬同伴": null,
        "字幕": null,
        "筆談対応": null,
        "優先駐車場": null,
        "オストメイト対応トイレ": null,
        "授乳室": null,
        "おむつ替えコーナー": null,
        "飲食可否": null,
        "ベビーカー貸出": null,
        "ベビーカー利用": null,
        "URL": null,
        "画像": null,
        "画像_ライセンス": null,
        "備考": null,
        "データ区分": "自治会公民館等（Mapion調べ）"
      }
    },
    {
      "type": "Feature",
      "geometry": {
        "type": "Point",
        "coordinates": [
          131.32425088,
          34.0035478
        ]
      },
      "properties": {
        "全国地方公共団体コード": null,
        "ID": null,
        "地方公共団体名": null,
        "name": "引野公民館",
        "名称_カナ": null,
        "名称_英字": null,
        "名称_通称": null,
        "POIコード": null,
        "外部識別子": null,
        "外部識別子の値": null,
        "所在地_全国地方公共団体コード": null,
        "町字ID": null,
        "所在地_連結表記": "山口県山口市阿知須引野",
        "所在地_都道府県": null,
        "所在地_市区町村": null,
        "所在地_町字": null,
        "所在地_ｰ以下": null,
        "建物名等(方書)": null,
        "高度の種別": null,
        "高度の値": null,
        "電話番号": null,
        "内線番号": null,
        "連絡先メールアドレス": null,
        "連絡先FormURL": null,
        "連絡先備考（その他、SNSなど）": null,
        "郵便番号": null,
        "法人番号": null,
        "団体名": null,
        "利用可能曜日": null,
        "開始時間": null,
        "終了時間": null,
        "利用可能時間特記事項": null,
        "説明": null,
        "車椅子可": null,
        "車椅子貸出": null,
        "ツエ貸出": null,
        "バリアフリートイレ": null,
        "スロープ、エレベータ、エスカレータ": null,
        "点字ブロック等の移動支援": null,
        "点字や読上による支援": null,
        "盲導犬・介助犬、聴導犬同伴": null,
        "字幕": null,
        "筆談対応": null,
        "優先駐車場": null,
        "オストメイト対応トイレ": null,
        "授乳室": null,
        "おむつ替えコーナー": null,
        "飲食可否": null,
        "ベビーカー貸出": null,
        "ベビーカー利用": null,
        "URL": null,
        "画像": null,
        "画像_ライセンス": null,
        "備考": null,
        "データ区分": "自治会公民館等（Mapion調べ）"
      }
    },
    {
      "type": "Feature",
      "geometry": {
        "type": "Point",
        "coordinates": [
          131.69384287,
          34.37691135
        ]
      },
      "properties": {
        "全国地方公共団体コード": null,
        "ID": null,
        "地方公共団体名": null,
        "name": "鍋倉公民館",
        "名称_カナ": null,
        "名称_英字": null,
        "名称_通称": null,
        "POIコード": null,
        "外部識別子": null,
        "外部識別子の値": null,
        "所在地_全国地方公共団体コード": null,
        "町字ID": null,
        "所在地_連結表記": "〒759-1513山口県山口市阿東徳佐下鍋倉４３３",
        "所在地_都道府県": null,
        "所在地_市区町村": null,
        "所在地_町字": null,
        "所在地_ｰ以下": null,
        "建物名等(方書)": null,
        "高度の種別": null,
        "高度の値": null,
        "電話番号": null,
        "内線番号": null,
        "連絡先メールアドレス": null,
        "連絡先FormURL": null,
        "連絡先備考（その他、SNSなど）": null,
        "郵便番号": null,
        "法人番号": null,
        "団体名": null,
        "利用可能曜日": null,
        "開始時間": null,
        "終了時間": null,
        "利用可能時間特記事項": null,
        "説明": null,
        "車椅子可": null,
        "車椅子貸出": null,
        "ツエ貸出": null,
        "バリアフリートイレ": null,
        "スロープ、エレベータ、エスカレータ": null,
        "点字ブロック等の移動支援": null,
        "点字や読上による支援": null,
        "盲導犬・介助犬、聴導犬同伴": null,
        "字幕": null,
        "筆談対応": null,
        "優先駐車場": null,
        "オストメイト対応トイレ": null,
        "授乳室": null,
        "おむつ替えコーナー": null,
        "飲食可否": null,
        "ベビーカー貸出": null,
        "ベビーカー利用": null,
        "URL": null,
        "画像": null,
        "画像_ライセンス": null,
        "備考": null,
        "データ区分": "自治会公民館等（Mapion調べ）"
      }
    }
  ]
}
